# X,Y,Z
52.266,101.250,-153.000
51.894,101.016,-153.000
51.425,101.016,-153.000
50.956,101.016,-153.000
50.487,101.016,-153.000
50.018,101.016,-153.000
49.549,101.016,-153.000
49.080,101.016,-153.000
48.708,100.778,-153.000
48.240,100.742,-153.000
47.773,100.706,-153.000
47.305,100.670,-153.000
46.838,100.634,-153.000
46.370,100.598,-153.000
45.902,100.562,-153.000
45.442,100.482,-153.000
44.987,100.368,-153.000
44.532,100.254,-153.000
44.077,100.140,-153.000
43.622,100.027,-153.000
43.167,99.913,-153.000
42.712,99.799,-153.000
42.257,99.685,-153.000
41.802,99.572,-153.000
41.347,99.458,-153.000
40.896,99.332,-153.000
40.455,99.173,-153.000
40.014,99.014,-153.000
39.572,98.855,-153.000
39.131,98.697,-153.000
38.690,98.538,-153.000
38.249,98.379,-153.000
37.807,98.220,-153.000
37.366,98.061,-153.000
36.925,97.902,-153.000
36.484,97.743,-153.000
36.042,97.585,-153.000
35.601,97.426,-153.000
35.160,97.267,-153.000
34.691,97.266,-153.000
34.222,97.266,-153.000
33.753,97.266,-153.000
33.308,97.118,-153.000
32.863,96.970,-153.000
32.418,96.822,-153.000
31.953,96.797,-153.000
31.484,96.797,-153.000
31.015,96.797,-153.000
30.546,96.797,-153.000
30.077,96.797,-153.000
29.608,96.797,-153.000
29.139,96.797,-153.000
28.670,96.797,-153.000
28.201,96.797,-153.000
27.732,96.797,-153.000
27.263,96.797,-153.000
26.794,96.797,-153.000
26.325,96.797,-153.000
25.856,96.797,-153.000
25.387,96.797,-153.000
24.918,96.797,-153.000
24.450,96.797,-153.000
24.078,97.037,-153.000
23.611,97.077,-153.000
23.143,97.118,-153.000
22.676,97.159,-153.000
22.209,97.199,-153.000
21.742,97.240,-153.000
21.275,97.280,-153.000
20.807,97.321,-153.000
20.340,97.362,-153.000
19.873,97.402,-153.000
19.406,97.443,-153.000
18.938,97.484,-153.000
18.552,97.698,-153.000
18.099,97.750,-153.000
17.630,97.768,-153.000
17.161,97.786,-153.000
16.693,97.804,-153.000
16.224,97.823,-153.000
15.755,97.841,-153.000
15.287,97.859,-153.000
14.818,97.877,-153.000
14.350,97.895,-153.000
13.881,97.913,-153.000
13.412,97.931,-153.000
12.944,97.949,-153.000
12.475,97.967,-153.000
12.103,98.203,-153.000
11.634,98.203,-153.000
11.165,98.203,-153.000
10.696,98.203,-153.000
10.227,98.203,-153.000
9.758,98.203,-153.000
9.314,98.264,-153.000
8.917,98.438,-153.000
8.448,98.438,-153.000
7.979,98.438,-153.000
7.510,98.438,-153.000
7.041,98.438,-153.000
6.572,98.438,-153.000
6.103,98.438,-153.000
5.635,98.438,-153.000
5.166,98.438,-153.000
4.697,98.438,-153.000
4.228,98.438,-153.000
3.759,98.438,-153.000
3.290,98.438,-153.000
2.821,98.438,-153.000
2.352,98.438,-153.000
1.883,98.438,-153.000
1.414,98.438,-153.000
0.945,98.438,-153.000
0.476,98.438,-153.000
0.007,98.438,-153.000
-0.462,98.438,-153.000
-0.931,98.438,-153.000
-1.400,98.438,-153.000
-1.772,98.203,-153.000
-2.241,98.203,-153.000
-2.710,98.203,-153.000
-3.179,98.203,-153.000
-3.648,98.203,-153.000
-4.117,98.203,-153.000
-4.586,98.203,-153.000
-5.016,98.109,-153.000
-5.427,97.969,-153.000
-5.896,97.969,-153.000
-6.365,97.969,-153.000
-6.834,97.969,-153.000
-7.303,97.969,-153.000
-7.772,97.969,-153.000
-8.241,97.969,-153.000
-8.630,97.776,-153.000
-9.081,97.709,-153.000
-9.549,97.680,-153.000
-10.017,97.650,-153.000
-10.485,97.621,-153.000
-10.953,97.592,-153.000
-11.421,97.563,-153.000
-11.889,97.533,-153.000
-12.357,97.504,-153.000
-12.817,97.416,-153.000
-13.276,97.318,-153.000
-13.735,97.221,-153.000
-14.193,97.123,-153.000
-14.652,97.025,-153.000
-15.111,96.928,-153.000
-15.570,96.830,-153.000
-16.028,96.733,-153.000
-16.487,96.635,-153.000
-16.946,96.537,-153.000
-17.404,96.440,-153.000
-17.863,96.342,-153.000
-18.322,96.245,-153.000
-18.781,96.147,-153.000
-19.239,96.050,-153.000
-19.698,95.952,-153.000
-20.157,95.854,-153.000
-20.615,95.757,-153.000
-21.074,95.659,-153.000
-21.533,95.562,-153.000
-21.991,95.464,-153.000
-22.450,95.366,-153.000
-22.909,95.269,-153.000
-23.368,95.171,-153.000
-23.818,95.042,-153.000
-24.267,94.907,-153.000
-24.717,94.772,-153.000
-25.166,94.638,-153.000
-25.615,94.503,-153.000
-26.064,94.368,-153.000
-26.513,94.233,-153.000
-26.963,94.099,-153.000
-27.412,93.964,-153.000
-27.861,93.829,-153.000
-28.304,93.676,-153.000
-28.738,93.498,-153.000
-29.171,93.319,-153.000
-29.605,93.141,-153.000
-30.038,92.962,-153.000
-30.472,92.784,-153.000
-30.906,92.605,-153.000
-31.339,92.426,-153.000
-31.773,92.248,-153.000
-32.202,92.059,-153.000
-32.615,91.837,-153.000
-33.028,91.615,-153.000
-33.441,91.392,-153.000
-33.854,91.170,-153.000
-34.267,90.948,-153.000
-34.680,90.725,-153.000
-35.093,90.503,-153.000
-35.553,90.469,-153.000
-35.960,90.256,-153.000
-36.355,90.004,-153.000
-36.751,89.752,-153.000
-37.147,89.500,-153.000
-37.542,89.249,-153.000
-37.938,88.997,-153.000
-38.334,88.745,-153.000
-38.729,88.493,-153.000
-39.125,88.241,-153.000
-39.521,87.990,-153.000
-39.916,87.738,-153.000
-40.312,87.486,-153.000
-40.708,87.234,-153.000
-41.129,87.029,-153.000
-41.556,86.835,-153.000
-41.983,86.641,-153.000
-42.410,86.447,-153.000
-42.837,86.253,-153.000
-43.264,86.059,-153.000
-43.723,86.016,-153.000
-44.192,86.016,-153.000
-44.661,86.016,-153.000
-45.127,85.987,-153.000
-45.585,85.886,-153.000
-46.043,85.784,-153.000
-46.500,85.682,-153.000
-46.958,85.580,-153.000
-47.424,85.547,-153.000
-47.893,85.547,-153.000
-48.362,85.547,-153.000
-48.830,85.547,-153.000
-49.299,85.547,-153.000
-49.768,85.547,-153.000
-50.237,85.547,-153.000
-50.706,85.547,-153.000
-51.151,85.489,-153.000
-51.547,85.312,-153.000
-52.016,85.312,-153.000
-52.485,85.312,-153.000
-52.954,85.312,-153.000
-53.407,85.193,-153.000
-53.860,85.070,-153.000
-54.312,84.946,-153.000
-54.765,84.823,-153.000
-55.217,84.699,-153.000
-55.674,84.609,-153.000
-56.143,84.609,-153.000
-56.612,84.609,-153.000
-57.069,84.518,-153.000
-57.523,84.400,-153.000
-57.977,84.281,-153.000
-58.431,84.163,-153.000
-58.884,84.044,-153.000
-59.338,83.926,-153.000
-59.792,83.808,-153.000
-60.246,83.689,-153.000
-60.699,83.571,-153.000
-61.153,83.453,-153.000
-61.607,83.334,-153.000
-62.061,83.216,-153.000
-62.495,83.040,-153.000
-62.927,82.857,-153.000
-63.359,82.674,-153.000
-63.791,82.492,-153.000
-64.223,82.309,-153.000
-64.655,82.126,-153.000
-65.087,81.944,-153.000
-65.519,81.761,-153.000
-65.950,81.578,-153.000
-66.382,81.395,-153.000
-66.814,81.213,-153.000
-67.246,81.030,-153.000
-67.678,80.847,-153.000
-68.110,80.664,-153.000
-68.514,80.428,-153.000
-68.910,80.177,-153.000
-69.306,79.926,-153.000
-69.703,79.675,-153.000
-70.099,79.424,-153.000
-70.495,79.174,-153.000
-70.891,78.923,-153.000
-71.287,78.672,-153.000
-71.684,78.421,-153.000
-72.080,78.170,-153.000
-72.476,77.919,-153.000
-72.872,77.668,-153.000
-73.268,77.417,-153.000
-73.665,77.166,-153.000
-74.061,76.915,-153.000
-74.457,76.664,-153.000
-74.853,76.413,-153.000
-75.247,76.160,-153.000
-75.587,75.837,-153.000
-75.927,75.514,-153.000
-76.267,75.191,-153.000
-76.607,74.868,-153.000
-76.947,74.545,-153.000
-77.287,74.222,-153.000
-77.627,73.899,-153.000
-77.967,73.576,-153.000
-78.307,73.253,-153.000
-78.647,72.930,-153.000
-78.987,72.607,-153.000
-79.327,72.284,-153.000
-79.667,71.961,-153.000
-79.990,71.623,-153.000
-80.263,71.241,-153.000
-80.536,70.860,-153.000
-80.808,70.478,-153.000
-81.081,70.096,-153.000
-81.353,69.715,-153.000
-81.626,69.333,-153.000
-81.899,68.951,-153.000
-82.171,68.570,-153.000
-82.444,68.188,-153.000
-82.716,67.807,-153.000
-82.989,67.425,-153.000
-83.261,67.043,-153.000
-83.506,66.645,-153.000
-83.698,66.218,-153.000
-83.891,65.790,-153.000
-84.083,65.362,-153.000
-84.275,64.935,-153.000
-84.468,64.507,-153.000
-84.660,64.079,-153.000
-84.853,63.652,-153.000
-85.045,63.224,-153.000
-85.238,62.796,-153.000
-85.430,62.369,-153.000
-85.586,61.929,-153.000
-85.684,61.470,-153.000
-85.782,61.012,-153.000
-85.880,60.553,-153.000
-85.979,60.095,-153.000
-86.077,59.636,-153.000
-86.175,59.177,-153.000
-86.250,58.716,-153.000
-86.250,58.247,-153.000
-86.250,57.778,-153.000
-86.250,57.309,-153.000
-86.250,56.840,-153.000
-86.250,56.371,-153.000
-86.473,56.004,-153.000
-86.250,55.628,-153.000
-86.250,55.159,-153.000
-86.250,54.690,-153.000
-86.250,54.221,-153.000
-86.250,53.752,-153.000
-86.174,53.290,-153.000
-86.082,52.830,-153.000
-85.990,52.371,-153.000
-85.898,51.911,-153.000
-85.806,51.451,-153.000
-85.618,51.025,-153.000
-85.396,50.612,-153.000
-85.174,50.200,-153.000
-84.951,49.787,-153.000
-84.729,49.374,-153.000
-84.507,48.961,-153.000
-84.284,48.548,-153.000
-84.018,48.169,-153.000
-83.674,47.850,-153.000
-83.329,47.532,-153.000
-82.985,47.214,-153.000
-82.640,46.896,-153.000
-82.295,46.578,-153.000
-81.951,46.260,-153.000
-81.606,45.942,-153.000
-81.262,45.624,-153.000
-80.888,45.345,-153.000
-80.485,45.104,-153.000
-80.083,44.862,-153.000
-79.655,44.677,-153.000
-79.211,44.529,-153.000
-78.766,44.380,-153.000
-78.321,44.232,-153.000
-77.876,44.084,-153.000
-77.431,43.935,-153.000
-76.986,43.787,-153.000
-76.541,43.639,-153.000
-76.079,43.594,-153.000
-75.610,43.594,-153.000
-75.141,43.594,-153.000
-74.672,43.594,-153.000
-74.299,43.362,-153.000
-73.832,43.359,-153.000
-73.363,43.359,-153.000
-72.894,43.359,-153.000
-72.425,43.359,-153.000
-71.956,43.359,-153.000
-71.487,43.359,-153.000
-71.018,43.359,-153.000
-70.549,43.359,-153.000
-70.080,43.359,-153.000
-69.611,43.359,-153.000
-69.210,43.524,-153.000
-68.771,43.620,-153.000
-68.303,43.654,-153.000
-67.835,43.687,-153.000
-67.367,43.720,-153.000
-66.900,43.754,-153.000
-66.432,43.787,-153.000
-65.964,43.821,-153.000
-65.534,43.991,-153.000
-65.114,44.201,-153.000
-64.668,44.297,-153.000
-64.199,44.297,-153.000
-63.730,44.297,-153.000
-63.262,44.301,-153.000
-62.803,44.399,-153.000
-62.344,44.498,-153.000
-61.886,44.596,-153.000
-61.427,44.694,-153.000
-60.969,44.792,-153.000
-60.510,44.891,-153.000
-60.052,44.989,-153.000
-59.628,44.814,-153.000
-59.561,44.406,-153.000
-59.600,43.938,-153.000
-59.639,43.471,-153.000
-59.678,43.004,-153.000
-59.717,42.536,-153.000
-59.756,42.069,-153.000
-59.795,41.602,-153.000
-59.834,41.134,-153.000
-59.873,40.667,-153.000
-59.912,40.200,-153.000
-59.951,39.732,-153.000
-59.990,39.265,-153.000
-60.091,38.808,-153.000
-60.214,38.356,-153.000
-60.337,37.903,-153.000
-60.461,37.451,-153.000
-60.584,36.999,-153.000
-60.705,36.546,-153.000
-60.754,36.079,-153.000
-60.803,35.613,-153.000
-60.852,35.146,-153.000
-60.901,34.680,-153.000
-60.950,34.214,-153.000
-60.999,33.747,-153.000
-61.049,33.281,-153.000
-61.098,32.814,-153.000
-61.147,32.348,-153.000
-61.334,31.947,-153.000
-61.414,31.508,-153.000
-61.423,31.040,-153.000
-61.433,30.571,-153.000
-61.442,30.102,-153.000
-61.452,29.633,-153.000
-61.462,29.164,-153.000
-61.471,28.695,-153.000
-61.481,28.226,-153.000
-61.490,27.757,-153.000
-61.500,27.289,-153.000
-61.509,26.820,-153.000
-61.519,26.351,-153.000
-61.529,25.882,-153.000
-61.538,25.413,-153.000
-61.548,24.944,-153.000
-61.557,24.475,-153.000
-61.567,24.006,-153.000
-61.576,23.537,-153.000
-61.586,23.069,-153.000
-61.596,22.600,-153.000
-61.605,22.131,-153.000
-61.615,21.662,-153.000
-61.624,21.193,-153.000
-61.634,20.724,-153.000
-61.545,20.295,-153.000
-61.406,19.883,-153.000
-61.406,19.414,-153.000
-61.406,18.945,-153.000
-61.406,18.476,-153.000
-61.406,18.007,-153.000
-61.406,17.538,-153.000
-61.406,17.069,-153.000
-61.406,16.601,-153.000
-61.406,16.132,-153.000
-61.406,15.663,-153.000
-61.212,15.274,-153.000
-61.139,14.823,-153.000
-61.102,14.356,-153.000
-61.064,13.888,-153.000
-61.027,13.421,-153.000
-60.989,12.953,-153.000
-60.952,12.486,-153.000
-60.915,12.018,-153.000
-60.877,11.551,-153.000
-60.840,11.083,-153.000
-60.802,10.616,-153.000
-60.765,10.148,-153.000
-60.728,9.681,-153.000
-60.670,9.216,-153.000
-60.575,8.757,-153.000
-60.480,8.298,-153.000
-60.385,7.838,-153.000
-60.290,7.379,-153.000
-60.195,6.920,-153.000
-60.100,6.460,-153.000
-60.005,6.001,-153.000
-59.910,5.542,-153.000
-59.815,5.083,-153.000
-59.720,4.623,-153.000
-59.625,4.164,-153.000
-59.530,3.705,-153.000
-59.435,3.246,-153.000
-59.340,2.786,-153.000
-59.245,2.327,-153.000
-59.150,1.868,-153.000
-59.055,1.409,-153.000
-58.960,0.949,-153.000
-58.865,0.490,-153.000
-58.770,0.031,-153.000
-58.675,-0.428,-153.000
-58.580,-0.888,-153.000
-58.485,-1.347,-153.000
-58.390,-1.806,-153.000
-58.295,-2.265,-153.000
-58.200,-2.725,-153.000
-58.105,-3.184,-153.000
-58.010,-3.643,-153.000
-57.915,-4.102,-153.000
-57.772,-4.548,-153.000
-57.613,-4.989,-153.000
-57.454,-5.431,-153.000
-57.295,-5.872,-153.000
-57.137,-6.313,-153.000
-56.978,-6.754,-153.000
-56.819,-7.196,-153.000
-56.660,-7.637,-153.000
-56.501,-8.078,-153.000
-56.342,-8.519,-153.000
-56.184,-8.961,-153.000
-56.025,-9.402,-153.000
-55.866,-9.843,-153.000
-55.679,-10.272,-153.000
-55.461,-10.687,-153.000
-55.242,-11.102,-153.000
-55.024,-11.517,-153.000
-54.805,-11.932,-153.000
-54.587,-12.347,-153.000
-54.369,-12.762,-153.000
-54.150,-13.177,-153.000
-53.932,-13.592,-153.000
-53.713,-14.007,-153.000
-53.495,-14.422,-153.000
-53.236,-14.813,-153.000
-52.964,-15.194,-153.000
-52.691,-15.576,-153.000
-52.419,-15.958,-153.000
-52.146,-16.339,-153.000
-51.874,-16.721,-153.000
-51.601,-17.102,-153.000
-51.328,-17.484,-153.000
-51.048,-17.859,-153.000
-50.716,-18.190,-153.000
-50.384,-18.522,-153.000
-50.053,-18.854,-153.000
-49.721,-19.185,-153.000
-49.389,-19.517,-153.000
-49.058,-19.848,-153.000
-48.726,-20.180,-153.000
-48.395,-20.512,-153.000
-48.063,-20.843,-153.000
-47.731,-21.175,-153.000
-47.376,-21.479,-153.000
-47.001,-21.761,-153.000
-46.626,-22.042,-153.000
-46.251,-22.324,-153.000
-45.876,-22.605,-153.000
-45.500,-22.886,-153.000
-45.125,-23.168,-153.000
-44.749,-23.447,-153.000
-44.338,-23.673,-153.000
-43.927,-23.899,-153.000
-43.516,-24.125,-153.000
-43.105,-24.351,-153.000
-42.694,-24.577,-153.000
-42.283,-24.803,-153.000
-41.872,-25.029,-153.000
-41.461,-25.255,-153.000
-41.050,-25.481,-153.000
-40.639,-25.707,-153.000
-40.228,-25.933,-153.000
-39.796,-26.110,-153.000
-39.351,-26.258,-153.000
-38.906,-26.406,-153.000
-38.461,-26.555,-153.000
-38.016,-26.703,-153.000
-37.753,-27.078,-153.000
-37.512,-27.480,-153.000
-37.271,-27.882,-153.000
-37.395,-28.331,-153.000
-37.528,-28.781,-153.000
-37.660,-29.231,-153.000
-37.792,-29.681,-153.000
-37.925,-30.131,-153.000
-38.057,-30.581,-153.000
-38.189,-31.031,-153.000
-38.322,-31.481,-153.000
-38.468,-31.924,-153.000
-38.719,-32.321,-153.000
-38.969,-32.717,-153.000
-39.220,-33.114,-153.000
-39.470,-33.510,-153.000
-39.721,-33.907,-153.000
-39.971,-34.303,-153.000
-40.221,-34.700,-153.000
-40.472,-35.096,-153.000
-40.722,-35.493,-153.000
-40.973,-35.889,-153.000
-41.223,-36.286,-153.000
-41.474,-36.682,-153.000
-41.724,-37.079,-153.000
-41.974,-37.475,-153.000
-42.225,-37.872,-153.000
-42.475,-38.268,-153.000
-42.726,-38.665,-153.000
-42.976,-39.061,-153.000
-43.227,-39.458,-153.000
-43.477,-39.854,-153.000
-43.728,-40.251,-153.000
-43.978,-40.647,-153.000
-44.209,-41.055,-153.000
-44.431,-41.468,-153.000
-44.653,-41.881,-153.000
-44.875,-42.294,-153.000
-45.097,-42.708,-153.000
-45.319,-43.121,-153.000
-45.541,-43.534,-153.000
-45.763,-43.947,-153.000
-45.985,-44.360,-153.000
-46.206,-44.773,-153.000
-46.428,-45.187,-153.000
-46.650,-45.600,-153.000
-46.872,-46.013,-153.000
-47.094,-46.426,-153.000
-47.316,-46.839,-153.000
-47.538,-47.252,-153.000
-47.760,-47.666,-153.000
-47.982,-48.079,-153.000
-48.203,-48.492,-153.000
-48.425,-48.905,-153.000
-48.647,-49.318,-153.000
-48.869,-49.731,-153.000
-49.091,-50.145,-153.000
-49.313,-50.558,-153.000
-49.535,-50.971,-153.000
-49.757,-51.384,-153.000
-49.979,-51.797,-153.000
-50.200,-52.210,-153.000
-50.422,-52.624,-153.000
-50.644,-53.037,-153.000
-50.865,-53.451,-153.000
-51.047,-53.883,-153.000
-51.229,-54.315,-153.000
-51.411,-54.747,-153.000
-51.593,-55.179,-153.000
-51.775,-55.612,-153.000
-51.957,-56.044,-153.000
-52.139,-56.476,-153.000
-52.321,-56.908,-153.000
-52.503,-57.341,-153.000
-52.685,-57.773,-153.000
-52.811,-58.223,-153.000
-52.917,-58.680,-153.000
-53.022,-59.137,-153.000
-53.127,-59.594,-153.000
-53.233,-60.051,-153.000
-53.338,-60.508,-153.000
-53.450,-60.963,-153.000
-53.660,-61.382,-153.000
-53.870,-61.802,-153.000
-54.079,-62.221,-153.000
-54.437,-62.492,-153.000
-54.886,-62.578,-153.000
-55.355,-62.578,-153.000
-55.824,-62.578,-153.000
-56.293,-62.578,-153.000
-56.762,-62.578,-153.000
-57.231,-62.578,-153.000
-57.700,-62.578,-153.000
-58.169,-62.578,-153.000
-58.638,-62.578,-153.000
-59.107,-62.578,-153.000
-59.576,-62.578,-153.000
-60.045,-62.578,-153.000
-60.514,-62.578,-153.000
-60.901,-62.380,-153.000
-61.355,-62.344,-153.000
-61.824,-62.344,-153.000
-62.293,-62.344,-153.000
-62.762,-62.344,-153.000
-63.177,-62.214,-153.000
-63.601,-62.077,-153.000
-64.068,-62.031,-153.000
-64.534,-61.984,-153.000
-65.001,-61.937,-153.000
-65.467,-61.891,-153.000
-65.921,-61.780,-153.000
-66.368,-61.637,-153.000
-66.814,-61.494,-153.000
-67.261,-61.352,-153.000
-67.708,-61.209,-153.000
-68.154,-61.066,-153.000
-68.601,-60.923,-153.000
-69.048,-60.780,-153.000
-69.494,-60.637,-153.000
-69.941,-60.494,-153.000
-70.388,-60.351,-153.000
-70.834,-60.208,-153.000
-71.281,-60.065,-153.000
-71.713,-59.886,-153.000
-72.132,-59.676,-153.000
-72.552,-59.466,-153.000
-72.971,-59.257,-153.000
-73.391,-59.047,-153.000
-73.810,-58.837,-153.000
-74.230,-58.627,-153.000
-74.649,-58.418,-153.000
-75.069,-58.208,-153.000
-75.488,-57.998,-153.000
-75.907,-57.788,-153.000
-76.327,-57.579,-153.000
-76.746,-57.369,-153.000
-77.163,-57.154,-153.000
-77.561,-56.905,-153.000
-77.958,-56.657,-153.000
-78.356,-56.408,-153.000
-78.754,-56.160,-153.000
-79.151,-55.911,-153.000
-79.549,-55.663,-153.000
-79.947,-55.414,-153.000
-80.344,-55.166,-153.000
-80.742,-54.917,-153.000
-81.180,-54.764,-153.000
-81.635,-54.650,-153.000
-82.090,-54.536,-153.000
-82.545,-54.422,-153.000
-83.008,-54.375,-153.000
-83.477,-54.375,-153.000
-83.946,-54.375,-153.000
-84.376,-54.516,-153.000
-84.778,-54.758,-153.000
-85.180,-54.999,-153.000
-85.389,-55.384,-153.000
-85.503,-55.839,-153.000
-85.616,-56.294,-153.000
-85.730,-56.749,-153.000
-85.772,-57.211,-153.000
-85.755,-57.680,-153.000
-85.739,-58.149,-153.000
-85.722,-58.617,-153.000
-85.705,-59.086,-153.000
-85.688,-59.555,-153.000
-85.672,-60.023,-153.000
-85.655,-60.492,-153.000
-85.638,-60.961,-153.000
-85.621,-61.429,-153.000
-85.605,-61.898,-153.000
-85.588,-62.367,-153.000
-85.571,-62.835,-153.000
-85.554,-63.304,-153.000
-85.427,-63.743,-153.000
-85.209,-64.158,-153.000
-84.990,-64.573,-153.000
-84.772,-64.988,-153.000
-84.553,-65.403,-153.000
-84.335,-65.818,-153.000
-84.117,-66.233,-153.000
-83.898,-66.648,-153.000
-83.680,-67.063,-153.000
-83.461,-67.478,-153.000
-83.243,-67.893,-153.000
-82.932,-68.240,-153.000
-82.600,-68.572,-153.000
-82.269,-68.903,-153.000
-81.937,-69.235,-153.000
-81.605,-69.567,-153.000
-81.274,-69.898,-153.000
-80.942,-70.230,-153.000
-80.607,-70.558,-153.000
-80.208,-70.803,-153.000
-79.809,-71.049,-153.000
-79.409,-71.295,-153.000
-79.010,-71.541,-153.000
-78.610,-71.787,-153.000
-78.211,-72.032,-153.000
-77.812,-72.278,-153.000
-77.387,-72.460,-153.000
-76.927,-72.552,-153.000
-76.467,-72.644,-153.000
-76.007,-72.736,-153.000
-75.548,-72.828,-153.000
-75.088,-72.920,-153.000
-74.628,-73.012,-153.000
-74.168,-73.104,-153.000
-73.708,-73.196,-153.000
-73.248,-73.288,-153.000
-72.786,-73.359,-153.000
-72.317,-73.359,-153.000
-71.848,-73.359,-153.000
-71.379,-73.359,-153.000
-70.910,-73.359,-153.000
-70.441,-73.359,-153.000
-69.972,-73.359,-153.000
-69.503,-73.359,-153.000
-69.034,-73.359,-153.000
-68.565,-73.359,-153.000
-68.128,-73.284,-153.000
-67.732,-73.184,-153.000
-67.277,-73.298,-153.000
-66.926,-73.548,-153.000
-66.699,-73.958,-153.000
-66.471,-74.368,-153.000
-66.243,-74.778,-153.000
-66.015,-75.188,-153.000
-65.755,-75.573,-153.000
-65.423,-75.905,-153.000
-65.092,-76.236,-153.000
-64.760,-76.568,-153.000
-64.424,-76.894,-153.000
-64.034,-77.154,-153.000
-63.644,-77.415,-153.000
-63.254,-77.675,-153.000
-62.835,-77.873,-153.000
-62.384,-78.002,-153.000
-61.933,-78.131,-153.000
-61.482,-78.260,-153.000
-61.017,-78.311,-153.000
-60.550,-78.347,-153.000
-60.082,-78.383,-153.000
-59.614,-78.419,-153.000
-59.147,-78.455,-153.000
-58.679,-78.491,-153.000
-58.215,-78.483,-153.000
-57.757,-78.382,-153.000
-57.299,-78.280,-153.000
-56.841,-78.178,-153.000
-56.383,-78.077,-153.000
-55.926,-77.975,-153.000
-55.468,-77.873,-153.000
-55.010,-77.771,-153.000
-54.552,-77.670,-153.000
-54.094,-77.568,-153.000
-53.637,-77.466,-153.000
-53.179,-77.364,-153.000
-52.721,-77.263,-153.000
-52.263,-77.161,-153.000
-51.839,-77.238,-153.000
-51.448,-77.498,-153.000
-51.058,-77.758,-153.000
-50.668,-78.018,-153.000
-50.389,-78.391,-153.000
-50.123,-78.777,-153.000
-49.857,-79.164,-153.000
-49.592,-79.550,-153.000
-49.326,-79.937,-153.000
-49.060,-80.323,-153.000
-48.794,-80.710,-153.000
-48.529,-81.096,-153.000
-48.263,-81.482,-153.000
-47.985,-81.859,-153.000
-47.653,-82.190,-153.000
-47.322,-82.522,-153.000
-46.990,-82.854,-153.000
-46.659,-83.185,-153.000
-46.327,-83.517,-153.000
-45.995,-83.848,-153.000
-45.664,-84.180,-153.000
-45.332,-84.512,-153.000
-44.965,-84.802,-153.000
-44.584,-85.074,-153.000
-44.202,-85.347,-153.000
-43.820,-85.619,-153.000
-43.439,-85.892,-153.000
-43.057,-86.165,-153.000
-42.676,-86.437,-153.000
-42.294,-86.710,-153.000
-41.912,-86.982,-153.000
-41.531,-87.255,-153.000
-41.149,-87.527,-153.000
-40.767,-87.800,-153.000
-40.386,-88.073,-153.000
-39.964,-88.274,-153.000
-39.533,-88.459,-153.000
-39.102,-88.644,-153.000
-38.671,-88.828,-153.000
-38.240,-89.013,-153.000
-37.809,-89.198,-153.000
-37.378,-89.383,-153.000
-36.944,-89.559,-153.000
-36.496,-89.700,-153.000
-36.049,-89.841,-153.000
-35.602,-89.983,-153.000
-35.155,-90.124,-153.000
-34.708,-90.265,-153.000
-34.260,-90.406,-153.000
-33.813,-90.547,-153.000
-33.366,-90.689,-153.000
-32.919,-90.830,-153.000
-32.467,-90.950,-153.000
-32.001,-91.002,-153.000
-31.535,-91.053,-153.000
-31.069,-91.105,-153.000
-30.603,-91.157,-153.000
-30.136,-91.209,-153.000
-29.670,-91.261,-153.000
-29.204,-91.312,-153.000
-28.738,-91.364,-153.000
-28.297,-91.468,-153.000
-27.900,-91.641,-153.000
-27.431,-91.641,-153.000
-26.962,-91.641,-153.000
-26.493,-91.641,-153.000
-26.121,-91.875,-153.000
-25.652,-91.875,-153.000
-25.183,-91.875,-153.000
-24.714,-91.875,-153.000
-24.283,-91.967,-153.000
-23.873,-92.109,-153.000
-23.404,-92.109,-153.000
-22.935,-92.109,-153.000
-22.466,-92.109,-153.000
-21.997,-92.109,-153.000
-21.528,-92.109,-153.000
-21.059,-92.109,-153.000
-20.590,-92.109,-153.000
-20.121,-92.109,-153.000
-19.652,-92.109,-153.000
-19.183,-92.109,-153.000
-18.714,-92.109,-153.000
-18.245,-92.109,-153.000
-17.776,-92.109,-153.000
-17.307,-92.109,-153.000
-16.838,-92.109,-153.000
-16.369,-92.109,-153.000
-15.900,-92.109,-153.000
-15.431,-92.109,-153.000
-14.962,-92.109,-153.000
-14.493,-92.109,-153.000
-14.024,-92.109,-153.000
-13.555,-92.109,-153.000
-13.086,-92.109,-153.000
-12.617,-92.109,-153.000
-12.148,-92.109,-153.000
-11.679,-92.109,-153.000
-11.210,-92.109,-153.000
-10.753,-92.081,-153.000
-10.370,-91.875,-153.000
-9.901,-91.875,-153.000
-9.432,-91.875,-153.000
-8.963,-91.875,-153.000
-8.591,-91.641,-153.000
-8.122,-91.641,-153.000
-7.653,-91.641,-153.000
-7.184,-91.641,-153.000
-6.807,-91.417,-153.000
-6.343,-91.406,-153.000
-5.874,-91.406,-153.000
-5.405,-91.406,-153.000
-5.000,-91.250,-153.000
-4.567,-91.127,-153.000
-4.101,-91.069,-153.000
-3.636,-91.011,-153.000
-3.171,-90.953,-153.000
-2.705,-90.895,-153.000
-2.240,-90.837,-153.000
-1.775,-90.778,-153.000
-1.309,-90.720,-153.000
-0.854,-90.612,-153.000
-0.403,-90.483,-153.000
0.048,-90.355,-153.000
0.491,-90.212,-153.000
0.822,-89.881,-153.000
1.154,-89.549,-153.000
1.608,-89.614,-153.000
2.068,-89.702,-153.000
2.529,-89.790,-153.000
2.990,-89.878,-153.000
3.451,-89.965,-153.000
3.911,-90.053,-153.000
4.372,-90.141,-153.000
4.833,-90.229,-153.000
5.293,-90.316,-153.000
5.754,-90.404,-153.000
6.217,-90.469,-153.000
6.686,-90.469,-153.000
7.155,-90.469,-153.000
7.588,-90.556,-153.000
7.996,-90.703,-153.000
8.465,-90.703,-153.000
8.934,-90.703,-153.000
9.403,-90.703,-153.000
9.866,-90.648,-153.000
10.324,-90.550,-153.000
10.783,-90.452,-153.000
11.242,-90.353,-153.000
11.700,-90.255,-153.000
12.159,-90.157,-153.000
12.617,-90.059,-153.000
13.054,-89.905,-153.000
13.459,-89.668,-153.000
13.864,-89.432,-153.000
14.269,-89.196,-153.000
14.675,-88.959,-153.000
15.080,-88.723,-153.000
15.485,-88.487,-153.000
15.842,-88.193,-153.000
16.142,-87.833,-153.000
16.442,-87.473,-153.000
16.742,-87.112,-153.000
17.109,-86.836,-153.000
17.528,-86.626,-153.000
17.948,-86.417,-153.000
18.367,-86.207,-153.000
18.783,-86.041,-153.000
19.155,-86.326,-153.000
19.528,-86.610,-153.000
19.900,-86.895,-153.000
20.273,-87.180,-153.000
20.645,-87.465,-153.000
21.018,-87.750,-153.000
21.390,-88.035,-153.000
21.763,-88.320,-153.000
22.136,-88.605,-153.000
22.508,-88.889,-153.000
22.914,-89.104,-153.000
23.371,-89.209,-153.000
23.828,-89.315,-153.000
24.285,-89.420,-153.000
24.742,-89.526,-153.000
25.199,-89.631,-153.000
25.656,-89.737,-153.000
26.121,-89.743,-153.000
26.588,-89.712,-153.000
27.056,-89.681,-153.000
27.524,-89.649,-153.000
27.992,-89.618,-153.000
28.460,-89.587,-153.000
28.928,-89.556,-153.000
29.387,-89.490,-153.000
29.814,-89.296,-153.000
30.241,-89.102,-153.000
30.668,-88.908,-153.000
31.095,-88.714,-153.000
31.522,-88.520,-153.000
31.956,-88.348,-153.000
32.420,-88.282,-153.000
32.884,-88.215,-153.000
33.348,-88.149,-153.000
33.784,-87.991,-153.000
34.203,-87.781,-153.000
34.587,-87.790,-153.000
34.919,-88.122,-153.000
35.290,-88.359,-153.000
35.759,-88.359,-153.000
36.228,-88.359,-153.000
36.678,-88.476,-153.000
37.123,-88.624,-153.000
37.568,-88.773,-153.000
38.012,-88.921,-153.000
38.457,-89.069,-153.000
38.902,-89.217,-153.000
39.357,-89.318,-153.000
39.824,-89.363,-153.000
40.291,-89.408,-153.000
40.758,-89.453,-153.000
41.225,-89.499,-153.000
41.691,-89.544,-153.000
42.158,-89.589,-153.000
42.625,-89.634,-153.000
43.092,-89.679,-153.000
43.559,-89.724,-153.000
44.025,-89.770,-153.000
44.492,-89.815,-153.000
44.959,-89.860,-153.000
45.426,-89.905,-153.000
45.893,-89.950,-153.000
46.359,-89.995,-153.000
46.731,-90.234,-153.000
47.200,-90.234,-153.000
47.669,-90.234,-153.000
48.138,-90.234,-153.000
48.607,-90.234,-153.000
49.076,-90.234,-153.000
49.545,-90.234,-153.000
50.014,-90.234,-153.000
50.483,-90.234,-153.000
50.952,-90.234,-153.000
51.421,-90.234,-153.000
51.890,-90.234,-153.000
52.359,-90.234,-153.000
52.828,-90.234,-153.000
53.297,-90.234,-153.000
53.766,-90.234,-153.000
54.235,-90.234,-153.000
54.704,-90.234,-153.000
55.173,-90.234,-153.000
55.642,-90.234,-153.000
56.111,-90.234,-153.000
56.577,-90.211,-153.000
57.032,-90.098,-153.000
57.487,-89.984,-153.000
57.942,-89.870,-153.000
58.398,-89.763,-153.000
58.866,-89.732,-153.000
59.334,-89.701,-153.000
59.802,-89.669,-153.000
60.269,-89.638,-153.000
60.737,-89.607,-153.000
61.205,-89.576,-153.000
61.673,-89.545,-153.000
62.133,-89.464,-153.000
62.587,-89.346,-153.000
63.041,-89.227,-153.000
63.495,-89.109,-153.000
63.948,-88.990,-153.000
64.402,-88.872,-153.000
64.856,-88.754,-153.000
65.310,-88.635,-153.000
65.764,-88.517,-153.000
66.217,-88.398,-153.000
66.671,-88.280,-153.000
67.125,-88.162,-153.000
67.566,-88.005,-153.000
68.001,-87.831,-153.000
68.437,-87.656,-153.000
68.872,-87.482,-153.000
69.308,-87.308,-153.000
69.735,-87.117,-153.000
70.144,-86.887,-153.000
70.553,-86.657,-153.000
70.961,-86.427,-153.000
71.370,-86.197,-153.000
71.779,-85.967,-153.000
72.188,-85.737,-153.000
72.596,-85.507,-153.000
73.005,-85.277,-153.000
73.408,-85.039,-153.000
73.771,-84.742,-153.000
74.134,-84.445,-153.000
74.497,-84.148,-153.000
74.860,-83.851,-153.000
75.223,-83.554,-153.000
75.585,-83.257,-153.000
75.947,-82.958,-153.000
76.252,-82.602,-153.000
76.557,-82.246,-153.000
76.862,-81.890,-153.000
77.168,-81.534,-153.000
77.454,-81.163,-153.000
77.714,-80.773,-153.000
77.974,-80.383,-153.000
78.234,-79.993,-153.000
78.494,-79.602,-153.000
78.754,-79.212,-153.000
79.015,-78.822,-153.000
79.275,-78.432,-153.000
79.535,-78.041,-153.000
79.764,-77.634,-153.000
79.949,-77.203,-153.000
80.133,-76.772,-153.000
80.318,-76.341,-153.000
80.474,-75.900,-153.000
80.612,-75.451,-153.000
80.750,-75.003,-153.000
80.888,-74.555,-153.000
81.026,-74.107,-153.000
81.164,-73.658,-153.000
81.302,-73.210,-153.000
81.440,-72.762,-153.000
81.578,-72.314,-153.000
81.716,-71.866,-153.000
81.854,-71.417,-153.000
81.991,-70.969,-153.000
82.129,-70.521,-153.000
82.266,-70.072,-153.000
82.305,-69.605,-153.000
82.344,-69.138,-153.000
82.383,-68.670,-153.000
82.422,-68.203,-153.000
82.461,-67.736,-153.000
82.500,-67.268,-153.000
82.734,-66.896,-153.000
82.734,-66.427,-153.000
82.734,-65.958,-153.000
82.734,-65.489,-153.000
82.734,-65.020,-153.000
82.969,-64.648,-153.000
82.969,-64.179,-153.000
82.969,-63.711,-153.000
82.969,-63.242,-153.000
82.969,-62.773,-153.000
82.969,-62.304,-153.000
82.969,-61.835,-153.000
82.969,-61.366,-153.000
82.969,-60.897,-153.000
82.969,-60.428,-153.000
82.969,-59.959,-153.000
82.969,-59.490,-153.000
82.969,-59.021,-153.000
82.969,-58.552,-153.000
82.969,-58.083,-153.000
82.969,-57.614,-153.000
82.969,-57.145,-153.000
82.969,-56.676,-153.000
82.969,-56.207,-153.000
82.969,-55.738,-153.000
82.938,-55.282,-153.000
82.719,-54.898,-153.000
82.678,-54.430,-153.000
82.637,-53.963,-153.000
82.597,-53.496,-153.000
82.556,-53.029,-153.000
82.516,-52.562,-153.000
82.475,-52.094,-153.000
82.434,-51.627,-153.000
82.394,-51.160,-153.000
82.353,-50.693,-153.000
82.312,-50.226,-153.000
82.272,-49.758,-153.000
82.164,-49.303,-153.000
82.044,-48.850,-153.000
81.924,-48.396,-153.000
81.804,-47.943,-153.000
81.684,-47.489,-153.000
81.564,-47.036,-153.000
81.444,-46.583,-153.000
81.324,-46.129,-153.000
81.204,-45.676,-153.000
81.084,-45.223,-153.000
80.964,-44.769,-153.000
80.844,-44.316,-153.000
80.724,-43.862,-153.000
80.604,-43.409,-153.000
80.484,-42.956,-153.000
80.364,-42.502,-153.000
80.244,-42.049,-153.000
80.110,-41.600,-153.000
79.939,-41.163,-153.000
79.768,-40.727,-153.000
79.597,-40.290,-153.000
79.426,-39.853,-153.000
79.255,-39.416,-153.000
79.084,-38.980,-153.000
78.914,-38.543,-153.000
78.743,-38.106,-153.000
78.572,-37.670,-153.000
78.401,-37.233,-153.000
78.230,-36.796,-153.000
78.059,-36.359,-153.000
77.888,-35.923,-153.000
77.717,-35.486,-153.000
77.546,-35.049,-153.000
77.376,-34.612,-153.000
77.205,-34.176,-153.000
77.034,-33.739,-153.000
76.863,-33.302,-153.000
76.692,-32.865,-153.000
76.521,-32.429,-153.000
76.350,-31.992,-153.000
76.179,-31.555,-153.000
76.008,-31.119,-153.000
75.807,-30.696,-153.000
75.585,-30.283,-153.000
75.363,-29.870,-153.000
75.140,-29.457,-153.000
74.918,-29.044,-153.000
74.696,-28.631,-153.000
74.473,-28.218,-153.000
74.251,-27.805,-153.000
74.029,-27.392,-153.000
73.806,-26.979,-153.000
73.584,-26.567,-153.000
73.362,-26.154,-153.000
73.139,-25.741,-153.000
72.917,-25.328,-153.000
72.695,-24.915,-153.000
72.472,-24.502,-153.000
72.250,-24.089,-153.000
72.027,-23.676,-153.000
71.805,-23.263,-153.000
71.583,-22.850,-153.000
71.360,-22.437,-153.000
71.138,-22.024,-153.000
70.916,-21.611,-153.000
70.693,-21.199,-153.000
70.471,-20.786,-153.000
70.249,-20.373,-153.000
70.026,-19.960,-153.000
69.804,-19.547,-153.000
69.582,-19.134,-153.000
69.357,-18.722,-153.000
69.104,-18.328,-153.000
68.850,-17.933,-153.000
68.596,-17.539,-153.000
68.343,-17.144,-153.000
68.089,-16.750,-153.000
67.836,-16.355,-153.000
67.582,-15.961,-153.000
67.328,-15.566,-153.000
67.075,-15.172,-153.000
66.821,-14.777,-153.000
66.568,-14.383,-153.000
66.314,-13.988,-153.000
66.060,-13.594,-153.000
65.807,-13.199,-153.000
65.553,-12.805,-153.000
65.299,-12.410,-153.000
65.012,-12.043,-153.000
64.680,-11.712,-153.000
64.506,-11.347,-153.000
64.674,-10.909,-153.000
64.843,-10.471,-153.000
65.011,-10.033,-153.000
65.180,-9.596,-153.000
65.348,-9.158,-153.000
65.516,-8.720,-153.000
65.731,-8.310,-153.000
66.032,-7.950,-153.000
66.332,-7.589,-153.000
66.632,-7.229,-153.000
66.932,-6.869,-153.000
67.232,-6.509,-153.000
67.533,-6.148,-153.000
67.833,-5.788,-153.000
68.097,-5.403,-153.000
68.332,-4.997,-153.000
68.567,-4.591,-153.000
68.802,-4.185,-153.000
69.037,-3.779,-153.000
69.272,-3.373,-153.000
69.507,-2.968,-153.000
69.742,-2.562,-153.000
69.977,-2.156,-153.000
70.212,-1.750,-153.000
70.447,-1.344,-153.000
70.632,-0.916,-153.000
70.781,-0.471,-153.000
70.929,-0.026,-153.000
71.077,0.419,-153.000
71.225,0.864,-153.000
71.374,1.309,-153.000
71.522,1.754,-153.000
71.670,2.199,-153.000
71.819,2.644,-153.000
71.967,3.088,-153.000
72.115,3.533,-153.000
72.264,3.978,-153.000
72.412,4.423,-153.000
72.560,4.868,-153.000
72.676,5.320,-153.000
72.732,5.786,-153.000
72.788,6.252,-153.000
72.844,6.717,-153.000
72.899,7.183,-153.000
72.955,7.649,-153.000
73.011,8.114,-153.000
73.067,8.580,-153.000
73.123,9.045,-153.000
73.179,9.511,-153.000
73.235,9.977,-153.000
73.291,10.442,-153.000
73.346,10.908,-153.000
73.594,11.279,-153.000
73.594,11.748,-153.000
73.594,12.217,-153.000
73.594,12.686,-153.000
73.594,13.155,-153.000
73.594,13.624,-153.000
73.594,14.093,-153.000
73.594,14.562,-153.000
73.594,15.031,-153.000
73.594,15.500,-153.000
73.594,15.969,-153.000
73.594,16.438,-153.000
73.594,16.907,-153.000
73.594,17.376,-153.000
73.594,17.845,-153.000
73.594,18.314,-153.000
73.594,18.783,-153.000
73.594,19.252,-153.000
73.536,19.714,-153.000
73.434,20.172,-153.000
73.332,20.630,-153.000
73.230,21.088,-153.000
73.129,21.546,-153.000
73.087,22.013,-153.000
73.049,22.480,-153.000
73.010,22.947,-153.000
72.971,23.415,-153.000
72.932,23.882,-153.000
72.893,24.349,-153.000
72.854,24.817,-153.000
72.815,25.284,-153.000
72.776,25.751,-153.000
72.737,26.219,-153.000
72.698,26.686,-153.000
72.659,27.154,-153.000
72.563,27.612,-153.000
72.462,28.070,-153.000
72.362,28.528,-153.000
72.261,28.987,-153.000
72.161,29.445,-153.000
72.060,29.903,-153.000
71.960,30.361,-153.000
71.859,30.819,-153.000
71.759,31.277,-153.000
71.658,31.735,-153.000
71.557,32.193,-153.000
71.457,32.651,-153.000
71.356,33.109,-153.000
71.256,33.567,-153.000
71.155,34.025,-153.000
71.055,34.483,-153.000
70.954,34.941,-153.000
70.854,35.400,-153.000
70.753,35.858,-153.000
70.653,36.316,-153.000
70.552,36.774,-153.000
70.348,37.195,-153.000
70.138,37.615,-153.000
70.012,38.063,-153.000
69.920,38.523,-153.000
69.828,38.983,-153.000
69.736,39.443,-153.000
69.645,39.902,-153.000
69.553,40.362,-153.000
69.461,40.822,-153.000
69.365,41.281,-153.000
69.216,41.726,-153.000
69.068,42.171,-153.000
68.920,42.616,-153.000
68.771,43.061,-153.000
68.623,43.506,-153.000
68.475,43.951,-153.000
68.327,44.395,-153.000
68.178,44.840,-153.000
68.030,45.285,-153.000
67.882,45.730,-153.000
67.734,46.175,-153.000
67.734,46.644,-153.000
67.657,47.100,-153.000
67.506,47.544,-153.000
67.354,47.988,-153.000
67.203,48.432,-153.000
67.051,48.876,-153.000
66.900,49.320,-153.000
66.748,49.763,-153.000
66.597,50.207,-153.000
66.445,50.651,-153.000
66.293,51.095,-153.000
66.142,51.539,-153.000
65.990,51.982,-153.000
65.839,52.426,-153.000
65.687,52.870,-153.000
65.536,53.314,-153.000
65.384,53.758,-153.000
65.233,54.201,-153.000
65.081,54.645,-153.000
64.930,55.089,-153.000
64.778,55.533,-153.000
64.626,55.977,-153.000
64.475,56.421,-153.000
64.292,56.852,-153.000
64.104,57.282,-153.000
63.916,57.712,-153.000
63.728,58.141,-153.000
63.540,58.571,-153.000
63.352,59.001,-153.000
63.164,59.430,-153.000
62.976,59.860,-153.000
62.805,60.294,-153.000
62.747,60.759,-153.000
62.689,61.225,-153.000
62.631,61.690,-153.000
62.572,62.156,-153.000
62.514,62.621,-153.000
62.456,63.086,-153.000
62.398,63.552,-153.000
62.367,64.008,-153.000
62.699,64.339,-153.000
63.120,64.460,-153.000
63.589,64.470,-153.000
64.058,64.481,-153.000
64.527,64.491,-153.000
64.996,64.502,-153.000
65.465,64.512,-153.000
65.934,64.522,-153.000
66.402,64.533,-153.000
66.871,64.543,-153.000
67.340,64.554,-153.000
67.809,64.564,-153.000
68.278,64.575,-153.000
68.747,64.585,-153.000
69.216,64.595,-153.000
69.684,64.606,-153.000
70.153,64.616,-153.000
70.622,64.627,-153.000
71.091,64.637,-153.000
71.560,64.648,-153.000
72.029,64.658,-153.000
72.498,64.668,-153.000
72.967,64.679,-153.000
73.433,64.707,-153.000
73.886,64.826,-153.000
74.340,64.946,-153.000
74.793,65.065,-153.000
75.247,65.184,-153.000
75.701,65.304,-153.000
76.154,65.423,-153.000
76.608,65.542,-153.000
77.061,65.662,-153.000
77.515,65.781,-153.000
77.960,65.925,-153.000
78.388,66.115,-153.000
78.817,66.306,-153.000
79.245,66.496,-153.000
79.674,66.687,-153.000
80.084,66.909,-153.000
80.470,67.176,-153.000
80.856,67.443,-153.000
81.241,67.710,-153.000
81.627,67.977,-153.000
82.012,68.244,-153.000
82.398,68.511,-153.000
82.784,68.778,-153.000
83.119,69.098,-153.000
83.409,69.467,-153.000
83.699,69.835,-153.000
83.989,70.204,-153.000
84.278,70.573,-153.000
84.568,70.942,-153.000
84.858,71.310,-153.000
85.148,71.679,-153.000
85.437,72.048,-153.000
85.614,72.471,-153.000
85.721,72.928,-153.000
85.828,73.384,-153.000
85.936,73.841,-153.000
86.043,74.297,-153.000
86.151,74.754,-153.000
86.258,75.210,-153.000
86.366,75.667,-153.000
86.473,76.123,-153.000
86.458,76.590,-153.000
86.429,77.058,-153.000
86.400,77.526,-153.000
86.370,77.994,-153.000
86.341,78.463,-153.000
86.312,78.931,-153.000
86.283,79.399,-153.000
86.253,79.867,-153.000
86.096,80.306,-153.000
85.922,80.741,-153.000
85.748,81.177,-153.000
85.574,81.612,-153.000
85.400,82.048,-153.000
85.225,82.483,-153.000
85.051,82.919,-153.000
84.877,83.354,-153.000
84.703,83.789,-153.000
84.529,84.225,-153.000
84.344,84.654,-153.000
84.077,85.040,-153.000
83.810,85.426,-153.000
83.543,85.811,-153.000
83.276,86.197,-153.000
83.009,86.582,-153.000
82.742,86.968,-153.000
82.475,87.354,-153.000
82.196,87.729,-153.000
81.873,88.069,-153.000
81.550,88.409,-153.000
81.227,88.749,-153.000
80.904,89.089,-153.000
80.581,89.429,-153.000
80.258,89.770,-153.000
79.935,90.110,-153.000
79.612,90.450,-153.000
79.289,90.790,-153.000
78.966,91.130,-153.000
78.643,91.470,-153.000
78.320,91.810,-153.000
77.997,92.150,-153.000
77.650,92.463,-153.000
77.272,92.740,-153.000
76.894,93.017,-153.000
76.516,93.295,-153.000
76.138,93.572,-153.000
75.759,93.849,-153.000
75.381,94.127,-153.000
75.003,94.404,-153.000
74.625,94.681,-153.000
74.242,94.951,-153.000
73.829,95.174,-153.000
73.416,95.396,-153.000
73.003,95.618,-153.000
72.590,95.841,-153.000
72.177,96.063,-153.000
71.764,96.285,-153.000
71.352,96.508,-153.000
70.939,96.730,-153.000
70.526,96.953,-153.000
70.113,97.175,-153.000
69.700,97.397,-153.000
69.287,97.620,-153.000
68.874,97.842,-153.000
68.461,98.064,-153.000
68.038,98.264,-153.000
67.598,98.426,-153.000
67.158,98.588,-153.000
66.718,98.750,-153.000
66.278,98.912,-153.000
65.838,99.075,-153.000
65.398,99.237,-153.000
64.957,99.399,-153.000
64.517,99.561,-153.000
64.077,99.723,-153.000
63.632,99.868,-153.000
63.173,99.964,-153.000
62.714,100.060,-153.000
62.255,100.155,-153.000
61.796,100.251,-153.000
61.337,100.346,-153.000
60.878,100.442,-153.000
60.419,100.538,-153.000
59.959,100.633,-153.000
59.500,100.729,-153.000
59.041,100.825,-153.000
58.582,100.920,-153.000
58.123,101.016,-153.000
57.654,101.035,-153.000
57.186,101.055,-153.000
56.717,101.074,-153.000
56.249,101.094,-153.000
55.780,101.113,-153.000
55.312,101.133,-153.000
54.843,101.152,-153.000
54.374,101.172,-153.000
53.906,101.191,-153.000
53.437,101.211,-153.000
52.969,101.230,-153.000
52.500,101.250,-153.000
52.031,101.016,-153.000
52.403,101.245,-153.000
52.872,101.226,-153.000
53.340,101.207,-153.000
53.809,101.188,-153.000
54.277,101.170,-153.000
54.746,101.151,-153.000
55.215,101.132,-153.000
55.683,101.113,-153.000
56.152,101.095,-153.000
56.620,101.076,-153.000
57.089,101.057,-153.000
57.558,101.038,-153.000
58.026,101.020,-153.000
58.479,100.909,-153.000
58.929,100.775,-153.000
59.378,100.640,-153.000
59.827,100.505,-153.000
60.276,100.370,-153.000
60.735,100.286,-153.000
61.202,100.239,-153.000
61.669,100.193,-153.000
62.135,100.146,-153.000
62.602,100.099,-153.000
63.055,99.993,-153.000
63.498,99.838,-153.000
63.941,99.683,-153.000
64.383,99.528,-153.000
64.826,99.373,-153.000
65.268,99.219,-153.000
65.711,99.064,-153.000
66.154,98.909,-153.000
66.596,98.754,-153.000
67.039,98.599,-153.000
67.482,98.444,-153.000
67.902,98.236,-153.000
68.322,98.027,-153.000
68.741,97.817,-153.000
69.160,97.607,-153.000
69.580,97.398,-153.000
69.999,97.188,-153.000
70.419,96.978,-153.000
70.838,96.768,-153.000
71.258,96.559,-153.000
71.677,96.349,-153.000
72.097,96.139,-153.000
72.516,95.929,-153.000
72.936,95.720,-153.000
73.332,95.472,-153.000
73.710,95.194,-153.000
74.087,94.916,-153.000
74.465,94.638,-153.000
74.842,94.360,-153.000
75.220,94.082,-153.000
75.597,93.803,-153.000
75.975,93.525,-153.000
76.352,93.247,-153.000
76.730,92.969,-153.000
77.107,92.691,-153.000
77.485,92.412,-153.000
77.828,92.094,-153.000
78.160,91.762,-153.000
78.491,91.431,-153.000
78.823,91.099,-153.000
79.154,90.768,-153.000
79.486,90.436,-153.000
79.818,90.104,-153.000
80.149,89.773,-153.000
80.481,89.441,-153.000
80.812,89.110,-153.000
81.144,88.778,-153.000
81.476,88.446,-153.000
81.805,88.113,-153.000
82.076,87.730,-153.000
82.346,87.347,-153.000
82.617,86.964,-153.000
82.887,86.581,-153.000
83.158,86.197,-153.000
83.428,85.814,-153.000
83.698,85.431,-153.000
83.969,85.048,-153.000
84.239,84.665,-153.000
84.510,84.282,-153.000
84.717,83.865,-153.000
84.887,83.428,-153.000
85.057,82.990,-153.000
85.227,82.553,-153.000
85.397,82.116,-153.000
85.567,81.679,-153.000
85.737,81.242,-153.000
85.907,80.805,-153.000
86.077,80.368,-153.000
86.246,79.931,-153.000
86.279,79.464,-153.000
86.308,78.995,-153.000
86.337,78.527,-153.000
86.366,78.059,-153.000
86.396,77.591,-153.000
86.425,77.123,-153.000
86.454,76.655,-153.000
86.483,76.187,-153.000
86.389,75.728,-153.000
86.291,75.270,-153.000
86.193,74.811,-153.000
86.095,74.353,-153.000
85.996,73.894,-153.000
85.898,73.436,-153.000
85.800,72.977,-153.000
85.611,72.550,-153.000
85.401,72.131,-153.000
85.192,71.711,-153.000
84.932,71.327,-153.000
84.613,70.983,-153.000
84.293,70.639,-153.000
83.974,70.296,-153.000
83.655,69.952,-153.000
83.336,69.608,-153.000
83.017,69.265,-153.000
82.698,68.921,-153.000
82.379,68.577,-153.000
82.060,68.234,-153.000
81.676,67.966,-153.000
81.286,67.706,-153.000
80.895,67.446,-153.000
80.505,67.186,-153.000
80.115,66.926,-153.000
79.705,66.701,-153.000
79.277,66.510,-153.000
78.848,66.320,-153.000
78.420,66.129,-153.000
77.991,65.939,-153.000
77.542,65.821,-153.000
77.078,65.754,-153.000
76.613,65.688,-153.000
76.150,65.618,-153.000
75.705,65.469,-153.000
75.260,65.321,-153.000
74.815,65.173,-153.000
74.370,65.025,-153.000
73.926,64.876,-153.000
73.481,64.728,-153.000
73.018,64.680,-153.000
72.550,64.670,-153.000
72.081,64.659,-153.000
71.612,64.649,-153.000
71.143,64.638,-153.000
70.674,64.628,-153.000
70.205,64.617,-153.000
69.736,64.607,-153.000
69.268,64.597,-153.000
68.799,64.586,-153.000
68.330,64.576,-153.000
67.861,64.565,-153.000
67.392,64.555,-153.000
66.923,64.544,-153.000
66.454,64.534,-153.000
65.986,64.524,-153.000
65.517,64.513,-153.000
65.048,64.503,-153.000
64.579,64.492,-153.000
64.110,64.482,-153.000
63.641,64.472,-153.000
63.173,64.461,-153.000
62.709,64.419,-153.000
62.264,64.270,-153.000
61.847,64.376,-153.000
61.445,64.617,-153.000
61.043,64.859,-153.000
60.593,64.948,-153.000
60.125,64.984,-153.000
59.657,65.020,-153.000
59.190,65.056,-153.000
58.722,65.092,-153.000
58.255,65.128,-153.000
57.792,65.189,-153.000
57.347,65.337,-153.000
56.902,65.486,-153.000
56.457,65.634,-153.000
56.013,65.782,-153.000
55.568,65.931,-153.000
55.123,66.079,-153.000
54.678,66.227,-153.000
54.225,66.328,-153.000
53.756,66.328,-153.000
53.320,66.483,-153.000
52.891,66.672,-153.000
52.461,66.861,-153.000
52.032,67.050,-153.000
51.603,67.238,-153.000
51.174,67.427,-153.000
50.744,67.616,-153.000
50.315,67.805,-153.000
49.886,67.994,-153.000
49.457,68.183,-153.000
49.027,68.372,-153.000
48.598,68.561,-153.000
48.169,68.749,-153.000
47.884,68.871,-153.000
48.303,68.661,-153.000
48.723,68.451,-153.000
49.142,68.242,-153.000
49.561,68.032,-153.000
49.981,67.822,-153.000
50.400,67.612,-153.000
50.820,67.403,-153.000
51.239,67.193,-153.000
51.666,67.001,-153.000
52.115,66.867,-153.000
52.565,66.734,-153.000
53.015,66.601,-153.000
53.464,66.468,-153.000
53.914,66.335,-153.000
54.363,66.201,-153.000
54.813,66.068,-153.000
55.263,65.935,-153.000
55.712,65.802,-153.000
56.162,65.668,-153.000
56.612,65.535,-153.000
57.061,65.402,-153.000
57.511,65.269,-153.000
57.963,65.151,-153.000
58.431,65.115,-153.000
58.899,65.079,-153.000
59.366,65.043,-153.000
59.834,65.007,-153.000
60.301,64.971,-153.000
60.769,64.935,-153.000
61.187,64.756,-153.000
61.577,64.495,-153.000
61.967,64.235,-153.000
62.346,63.968,-153.000
62.404,63.502,-153.000
62.462,63.037,-153.000
62.520,62.572,-153.000
62.578,62.106,-153.000
62.637,61.641,-153.000
62.695,61.176,-153.000
62.753,60.710,-153.000
62.811,60.245,-153.000
62.985,59.810,-153.000
63.162,59.376,-153.000
63.339,58.941,-153.000
63.516,58.507,-153.000
63.693,58.073,-153.000
63.870,57.639,-153.000
64.047,57.204,-153.000
64.224,56.770,-153.000
64.401,56.336,-153.000
64.578,55.901,-153.000
64.755,55.467,-153.000
64.932,55.033,-153.000
65.109,54.598,-153.000
65.286,54.164,-153.000
65.447,53.724,-153.000
65.586,53.276,-153.000
65.725,52.829,-153.000
65.864,52.381,-153.000
66.003,51.933,-153.000
66.142,51.485,-153.000
66.281,51.037,-153.000
66.420,50.589,-153.000
66.559,50.141,-153.000
66.698,49.693,-153.000
66.837,49.245,-153.000
66.976,48.797,-153.000
67.115,48.350,-153.000
67.254,47.902,-153.000
67.393,47.454,-153.000
67.532,47.006,-153.000
67.671,46.558,-153.000
67.810,46.110,-153.000
67.949,45.662,-153.000
68.088,45.214,-153.000
68.227,44.766,-153.000
68.366,44.319,-153.000
68.505,43.871,-153.000
68.644,43.423,-153.000
68.783,42.975,-153.000
68.922,42.527,-153.000
69.061,42.079,-153.000
69.200,41.631,-153.000
69.339,41.183,-153.000
69.478,40.735,-153.000
69.616,40.287,-153.000
69.729,39.832,-153.000
69.843,39.377,-153.000
69.957,38.922,-153.000
70.071,38.467,-153.000
70.184,38.012,-153.000
70.298,37.557,-153.000
70.412,37.102,-153.000
70.526,36.647,-153.000
70.639,36.193,-153.000
70.753,35.738,-153.000
70.867,35.283,-153.000
70.981,34.828,-153.000
71.094,34.373,-153.000
71.208,33.918,-153.000
71.322,33.463,-153.000
71.436,33.008,-153.000
71.549,32.553,-153.000
71.663,32.098,-153.000
71.755,31.639,-153.000
71.826,31.175,-153.000
71.898,30.712,-153.000
71.969,30.248,-153.000
72.040,29.784,-153.000
72.112,29.321,-153.000
72.183,28.857,-153.000
72.254,28.394,-153.000
72.326,27.930,-153.000
72.397,27.467,-153.000
72.468,27.003,-153.000
72.540,26.540,-153.000
72.611,26.076,-153.000
72.777,25.661,-153.000
72.909,25.240,-153.000
72.936,24.771,-153.000
72.964,24.303,-153.000
72.991,23.835,-153.000
73.019,23.367,-153.000
73.046,22.899,-153.000
73.074,22.431,-153.000
73.101,21.962,-153.000
73.140,21.496,-153.000
73.242,21.038,-153.000
73.343,20.580,-153.000
73.445,20.122,-153.000
73.547,19.665,-153.000
73.594,19.201,-153.000
73.594,18.732,-153.000
73.594,18.263,-153.000
73.594,17.794,-153.000
73.594,17.325,-153.000
73.594,16.856,-153.000
73.594,16.387,-153.000
73.594,15.918,-153.000
73.594,15.449,-153.000
73.594,14.980,-153.000
73.594,14.511,-153.000
73.594,14.042,-153.000
73.594,13.573,-153.000
73.594,13.104,-153.000
73.594,12.635,-153.000
73.594,12.166,-153.000
73.594,11.697,-153.000
73.579,11.235,-153.000
73.340,10.858,-153.000
73.285,10.392,-153.000
73.229,9.926,-153.000
73.173,9.461,-153.000
73.117,8.995,-153.000
73.061,8.530,-153.000
73.005,8.064,-153.000
72.949,7.598,-153.000
72.893,7.133,-153.000
72.838,6.667,-153.000
72.782,6.201,-153.000
72.726,5.736,-153.000
72.670,5.270,-153.000
72.538,4.822,-153.000
72.381,4.380,-153.000
72.224,3.939,-153.000
72.067,3.497,-153.000
71.911,3.055,-153.000
71.754,2.613,-153.000
71.597,2.171,-153.000
71.440,1.729,-153.000
71.283,1.287,-153.000
71.126,0.845,-153.000
70.970,0.403,-153.000
70.813,-0.039,-153.000
70.656,-0.481,-153.000
70.499,-0.923,-153.000
70.342,-1.365,-153.000
70.185,-1.807,-153.000
70.002,-2.236,-153.000
69.761,-2.639,-153.000
69.519,-3.041,-153.000
69.278,-3.443,-153.000
69.037,-3.845,-153.000
68.796,-4.247,-153.000
68.554,-4.649,-153.000
68.313,-5.051,-153.000
68.072,-5.453,-153.000
67.795,-5.830,-153.000
67.492,-6.188,-153.000
67.189,-6.546,-153.000
66.886,-6.904,-153.000
66.583,-7.262,-153.000
66.280,-7.620,-153.000
65.978,-7.978,-153.000
65.675,-8.336,-153.000
65.383,-8.700,-153.000
65.260,-9.153,-153.000
65.136,-9.605,-153.000
65.013,-10.058,-153.000
64.889,-10.510,-153.000
64.766,-10.962,-153.000
64.567,-11.371,-153.000
64.235,-11.702,-153.000
63.782,-11.806,-153.000
63.322,-11.898,-153.000
62.862,-11.990,-153.000
62.402,-12.082,-153.000
61.942,-12.174,-153.000
61.548,-12.418,-153.000
61.165,-12.689,-153.000
60.782,-12.959,-153.000
60.398,-13.230,-153.000
60.015,-13.500,-153.000
59.632,-13.771,-153.000
59.249,-14.041,-153.000
58.866,-14.312,-153.000
58.483,-14.582,-153.000
58.100,-14.852,-153.000
57.706,-15.106,-153.000
57.298,-15.338,-153.000
56.891,-15.571,-153.000
56.484,-15.804,-153.000
56.077,-16.036,-153.000
55.670,-16.269,-153.000
55.263,-16.502,-153.000
54.855,-16.734,-153.000
54.440,-16.951,-153.000
54.012,-17.142,-153.000
53.584,-17.334,-153.000
53.156,-17.525,-153.000
52.728,-17.717,-153.000
52.299,-17.908,-153.000
51.871,-18.100,-153.000
51.443,-18.291,-153.000
51.015,-18.483,-153.000
50.587,-18.674,-153.000
50.159,-18.866,-153.000
49.731,-19.057,-153.000
49.303,-19.249,-153.000
48.875,-19.440,-153.000
48.447,-19.632,-153.000
48.019,-19.823,-153.000
47.591,-20.015,-153.000
47.163,-20.206,-153.000
46.734,-20.398,-153.000
46.306,-20.589,-153.000
45.878,-20.781,-153.000
45.439,-20.944,-153.000
44.992,-21.086,-153.000
44.546,-21.229,-153.000
44.099,-21.371,-153.000
43.652,-21.514,-153.000
43.205,-21.657,-153.000
42.759,-21.799,-153.000
42.312,-21.942,-153.000
41.865,-22.084,-153.000
41.418,-22.227,-153.000
40.972,-22.369,-153.000
40.525,-22.512,-153.000
40.078,-22.655,-153.000
39.631,-22.797,-153.000
39.185,-22.940,-153.000
38.738,-23.082,-153.000
38.291,-23.225,-153.000
37.844,-23.368,-153.000
37.397,-23.510,-153.000
36.951,-23.653,-153.000
36.504,-23.795,-153.000
36.057,-23.938,-153.000
35.610,-24.080,-153.000
35.164,-24.223,-153.000
34.717,-24.366,-153.000
34.260,-24.471,-153.000
33.802,-24.573,-153.000
33.345,-24.676,-153.000
32.887,-24.779,-153.000
32.430,-24.881,-153.000
31.972,-24.984,-153.000
31.514,-25.086,-153.000
31.057,-25.189,-153.000
30.599,-25.291,-153.000
30.142,-25.394,-153.000
29.684,-25.496,-153.000
29.226,-25.599,-153.000
28.769,-25.702,-153.000
28.311,-25.804,-153.000
27.853,-25.907,-153.000
27.396,-26.009,-153.000
26.938,-26.112,-153.000
26.481,-26.214,-153.000
26.023,-26.317,-153.000
25.565,-26.420,-153.000
25.108,-26.522,-153.000
24.650,-26.625,-153.000
24.193,-26.727,-153.000
23.735,-26.830,-153.000
23.277,-26.932,-153.000
22.820,-27.035,-153.000
22.362,-27.138,-153.000
21.905,-27.240,-153.000
21.447,-27.343,-153.000
20.988,-27.435,-153.000
20.522,-27.495,-153.000
20.057,-27.555,-153.000
19.592,-27.614,-153.000
19.127,-27.674,-153.000
18.662,-27.734,-153.000
18.197,-27.793,-153.000
17.731,-27.853,-153.000
17.266,-27.913,-153.000
16.801,-27.972,-153.000
16.336,-28.032,-153.000
15.871,-28.091,-153.000
15.406,-28.151,-153.000
14.941,-28.211,-153.000
14.475,-28.270,-153.000
14.010,-28.330,-153.000
13.545,-28.390,-153.000
13.080,-28.449,-153.000
12.615,-28.509,-153.000
12.150,-28.569,-153.000
11.762,-28.785,-153.000
11.312,-28.863,-153.000
10.845,-28.903,-153.000
10.377,-28.943,-153.000
9.910,-28.983,-153.000
9.443,-29.023,-153.000
8.976,-29.063,-153.000
8.508,-29.103,-153.000
8.041,-29.143,-153.000
7.574,-29.183,-153.000
7.107,-29.223,-153.000
6.639,-29.264,-153.000
6.172,-29.304,-153.000
5.705,-29.344,-153.000
5.238,-29.384,-153.000
4.770,-29.424,-153.000
4.303,-29.464,-153.000
3.836,-29.504,-153.000
3.411,-29.636,-153.000
2.996,-29.779,-153.000
2.528,-29.800,-153.000
2.059,-29.821,-153.000
1.591,-29.842,-153.000
1.123,-29.864,-153.000
0.654,-29.885,-153.000
0.186,-29.906,-153.000
-0.283,-29.928,-153.000
-0.751,-29.949,-153.000
-1.220,-29.970,-153.000
-1.688,-29.992,-153.000
-2.075,-30.199,-153.000
-2.529,-30.234,-153.000
-2.998,-30.234,-153.000
-3.467,-30.234,-153.000
-3.936,-30.234,-153.000
-4.405,-30.234,-153.000
-4.874,-30.234,-153.000
-5.343,-30.234,-153.000
-5.812,-30.234,-153.000
-6.281,-30.234,-153.000
-6.750,-30.234,-153.000
-7.122,-30.467,-153.000
-7.590,-30.459,-153.000
-8.059,-30.452,-153.000
-8.528,-30.444,-153.000
-8.997,-30.436,-153.000
-9.466,-30.428,-153.000
-9.935,-30.420,-153.000
-10.404,-30.413,-153.000
-10.873,-30.405,-153.000
-11.342,-30.397,-153.000
-11.811,-30.389,-153.000
-12.279,-30.381,-153.000
-12.748,-30.373,-153.000
-13.217,-30.366,-153.000
-13.686,-30.358,-153.000
-14.155,-30.350,-153.000
-14.624,-30.342,-153.000
-15.093,-30.334,-153.000
-15.562,-30.327,-153.000
-16.031,-30.319,-153.000
-16.500,-30.311,-153.000
-16.968,-30.303,-153.000
-17.437,-30.295,-153.000
-17.906,-30.288,-153.000
-18.375,-30.280,-153.000
-18.844,-30.272,-153.000
-19.313,-30.264,-153.000
-19.782,-30.256,-153.000
-20.251,-30.248,-153.000
-20.720,-30.241,-153.000
-21.161,-30.167,-153.000
-21.560,-30.000,-153.000
-22.029,-30.000,-153.000
-22.498,-30.000,-153.000
-22.967,-30.000,-153.000
-23.431,-29.949,-153.000
-23.889,-29.848,-153.000
-24.346,-29.746,-153.000
-24.804,-29.644,-153.000
-25.262,-29.542,-153.000
-25.730,-29.531,-153.000
-26.199,-29.531,-153.000
-26.668,-29.531,-153.000
-27.137,-29.531,-153.000
-27.596,-29.444,-153.000
-28.055,-29.345,-153.000
-28.513,-29.247,-153.000
-28.972,-29.149,-153.000
-29.430,-29.051,-153.000
-29.889,-28.952,-153.000
-30.348,-28.854,-153.000
-30.806,-28.756,-153.000
-31.265,-28.658,-153.000
-31.723,-28.559,-153.000
-32.182,-28.461,-153.000
-32.640,-28.363,-153.000
-33.099,-28.265,-153.000
-33.557,-28.166,-153.000
-34.021,-28.107,-153.000
-34.489,-28.076,-153.000
-34.957,-28.045,-153.000
-35.425,-28.013,-153.000
-35.893,-27.982,-153.000
-36.361,-27.951,-153.000
-36.829,-27.920,-153.000
-37.282,-27.864,-153.000
-37.523,-27.462,-153.000
-37.764,-27.059,-153.000
-38.037,-26.696,-153.000
-38.482,-26.548,-153.000
-38.926,-26.400,-153.000
-39.371,-26.251,-153.000
-39.816,-26.103,-153.000
-40.247,-25.923,-153.000
-40.658,-25.697,-153.000
-41.069,-25.471,-153.000
-41.480,-25.245,-153.000
-41.891,-25.019,-153.000
-42.302,-24.793,-153.000
-42.713,-24.567,-153.000
-43.124,-24.341,-153.000
-43.535,-24.115,-153.000
-43.945,-23.889,-153.000
-44.356,-23.663,-153.000
-44.767,-23.436,-153.000
-45.142,-23.155,-153.000
-45.517,-22.874,-153.000
-45.893,-22.592,-153.000
-46.268,-22.311,-153.000
-46.643,-22.029,-153.000
-46.974,-21.698,-153.000
-47.306,-21.366,-153.000
-47.638,-21.034,-153.000
-47.969,-20.703,-153.000
-48.301,-20.371,-153.000
-48.632,-20.040,-153.000
-48.964,-19.708,-153.000
-49.296,-19.376,-153.000
-49.627,-19.045,-153.000
-49.959,-18.713,-153.000
-50.290,-18.382,-153.000
-50.622,-18.050,-153.000
-50.954,-17.718,-153.000
-51.285,-17.387,-153.000
-51.559,-17.007,-153.000
-51.823,-16.620,-153.000
-52.088,-16.233,-153.000
-52.353,-15.846,-153.000
-52.618,-15.459,-153.000
-52.883,-15.072,-153.000
-53.148,-14.685,-153.000
-53.412,-14.298,-153.000
-53.677,-13.911,-153.000
-53.942,-13.523,-153.000
-54.207,-13.136,-153.000
-54.448,-12.736,-153.000
-54.648,-12.311,-153.000
-54.847,-11.887,-153.000
-55.047,-11.463,-153.000
-55.247,-11.038,-153.000
-55.446,-10.614,-153.000
-55.646,-10.190,-153.000
-55.846,-9.766,-153.000
-56.045,-9.341,-153.000
-56.245,-8.917,-153.000
-56.402,-8.475,-153.000
-56.558,-8.033,-153.000
-56.714,-7.591,-153.000
-56.870,-7.148,-153.000
-57.027,-6.706,-153.000
-57.183,-6.264,-153.000
-57.339,-5.822,-153.000
-57.495,-5.379,-153.000
-57.651,-4.937,-153.000
-57.755,-4.480,-153.000
-57.858,-4.023,-153.000
-57.961,-3.565,-153.000
-58.064,-3.107,-153.000
-58.166,-2.650,-153.000
-58.269,-2.192,-153.000
-58.372,-1.735,-153.000
-58.474,-1.277,-153.000
-58.577,-0.820,-153.000
-58.680,-0.362,-153.000
-58.783,0.096,-153.000
-58.885,0.553,-153.000
-58.988,1.011,-153.000
-59.091,1.468,-153.000
-59.194,1.926,-153.000
-59.296,2.383,-153.000
-59.399,2.841,-153.000
-59.502,3.299,-153.000
-59.604,3.756,-153.000
-59.707,4.214,-153.000
-59.810,4.671,-153.000
-59.913,5.129,-153.000
-60.015,5.586,-153.000
-60.118,6.044,-153.000
-60.221,6.502,-153.000
-60.279,6.967,-153.000
-60.331,7.433,-153.000
-60.383,7.899,-153.000
-60.435,8.365,-153.000
-60.486,8.831,-153.000
-60.538,9.297,-153.000
-60.590,9.763,-153.000
-60.642,10.229,-153.000
-60.694,10.695,-153.000
-60.938,11.067,-153.000
-60.938,11.536,-153.000
-60.938,12.005,-153.000
-60.938,12.474,-153.000
-61.140,12.859,-153.000
-61.172,13.314,-153.000
-61.172,13.783,-153.000
-61.172,14.252,-153.000
-61.172,14.721,-153.000
-61.172,15.190,-153.000
-61.406,15.562,-153.000
-61.406,16.031,-153.000
-61.406,16.500,-153.000
-61.406,16.969,-153.000
-61.406,17.438,-153.000
-61.406,17.907,-153.000
-61.406,18.376,-153.000
-61.406,18.845,-153.000
-61.406,19.314,-153.000
-61.406,19.783,-153.000
-61.474,20.224,-153.000
-61.636,20.624,-153.000
-61.626,21.093,-153.000
-61.617,21.561,-153.000
-61.607,22.030,-153.000
-61.598,22.499,-153.000
-61.588,22.968,-153.000
-61.578,23.437,-153.000
-61.569,23.906,-153.000
-61.559,24.375,-153.000
-61.550,24.844,-153.000
-61.540,25.312,-153.000
-61.531,25.781,-153.000
-61.521,26.250,-153.000
-61.511,26.719,-153.000
-61.502,27.188,-153.000
-61.492,27.657,-153.000
-61.483,28.126,-153.000
-61.473,28.594,-153.000
-61.464,29.063,-153.000
-61.454,29.532,-153.000
-61.444,30.001,-153.000
-61.435,30.470,-153.000
-61.425,30.939,-153.000
-61.416,31.408,-153.000
-61.405,31.876,-153.000
-61.157,32.248,-153.000
-61.108,32.714,-153.000
-61.059,33.180,-153.000
-61.010,33.647,-153.000
-60.961,34.113,-153.000
-60.912,34.580,-153.000
-60.863,35.046,-153.000
-60.814,35.512,-153.000
-60.765,35.979,-153.000
-60.715,36.445,-153.000
-60.611,36.901,-153.000
-60.487,37.353,-153.000
-60.364,37.806,-153.000
-60.241,38.258,-153.000
-60.117,38.711,-153.000
-59.998,39.164,-153.000
-59.961,39.631,-153.000
-59.923,40.099,-153.000
-59.886,40.566,-153.000
-59.849,41.034,-153.000
-59.811,41.501,-153.000
-59.774,41.969,-153.000
-59.736,42.436,-153.000
-59.699,42.904,-153.000
-59.662,43.371,-153.000
-59.624,43.839,-153.000
-59.587,44.306,-153.000
-59.549,44.774,-153.000
-59.360,45.171,-153.000
-59.029,45.503,-153.000
-58.697,45.834,-153.000
-58.365,46.166,-153.000
-58.034,46.497,-153.000
-57.674,46.796,-153.000
-57.292,47.068,-153.000
-56.911,47.341,-153.000
-56.529,47.613,-153.000
-56.147,47.886,-153.000
-55.766,48.158,-153.000
-55.384,48.431,-153.000
-55.002,48.704,-153.000
-54.621,48.976,-153.000
-54.973,48.711,-153.000
-55.348,48.430,-153.000
-55.724,48.149,-153.000
-56.099,47.867,-153.000
-56.474,47.586,-153.000
-56.849,47.305,-153.000
-57.224,47.023,-153.000
-57.599,46.742,-153.000
-57.975,46.460,-153.000
-58.350,46.179,-153.000
-58.725,45.898,-153.000
-59.100,45.616,-153.000
-59.475,45.335,-153.000
-59.850,45.054,-153.000
-60.226,44.772,-153.000
-60.690,44.720,-153.000
-61.157,44.673,-153.000
-61.623,44.627,-153.000
-62.090,44.580,-153.000
-62.557,44.533,-153.000
-63.023,44.487,-153.000
-63.490,44.440,-153.000
-63.957,44.393,-153.000
-64.423,44.347,-153.000
-64.890,44.300,-153.000
-65.313,44.102,-153.000
-65.732,43.892,-153.000
-66.185,43.805,-153.000
-66.653,43.771,-153.000
-67.121,43.738,-153.000
-67.588,43.705,-153.000
-68.056,43.671,-153.000
-68.524,43.638,-153.000
-68.992,43.604,-153.000
-69.367,43.368,-153.000
-69.832,43.359,-153.000
-70.301,43.359,-153.000
-70.770,43.359,-153.000
-71.239,43.359,-153.000
-71.708,43.359,-153.000
-72.177,43.359,-153.000
-72.646,43.359,-153.000
-73.115,43.359,-153.000
-73.584,43.359,-153.000
-74.053,43.359,-153.000
-74.456,43.518,-153.000
-74.894,43.594,-153.000
-75.363,43.594,-153.000
-75.832,43.594,-153.000
-76.295,43.632,-153.000
-76.743,43.770,-153.000
-77.191,43.907,-153.000
-77.640,44.045,-153.000
-78.088,44.183,-153.000
-78.536,44.321,-153.000
-78.984,44.459,-153.000
-79.412,44.644,-153.000
-79.817,44.880,-153.000
-80.222,45.117,-153.000
-80.627,45.353,-153.000
-81.032,45.589,-153.000
-81.437,45.825,-153.000
-81.842,46.062,-153.000
-82.208,46.349,-153.000
-82.540,46.681,-153.000
-82.872,47.012,-153.000
-83.203,47.344,-153.000
-83.535,47.675,-153.000
-83.866,48.007,-153.000
-84.177,48.354,-153.000
-84.387,48.773,-153.000
-84.596,49.193,-153.000
-84.806,49.612,-153.000
-85.016,50.032,-153.000
-85.226,50.451,-153.000
-85.435,50.871,-153.000
-85.645,51.290,-153.000
-85.817,51.723,-153.000
-85.919,52.181,-153.000
-86.020,52.638,-153.000
-86.122,53.096,-153.000
-86.224,53.554,-153.000
-86.250,54.020,-153.000
-86.250,54.489,-153.000
-86.250,54.958,-153.000
-86.250,55.427,-153.000
-86.331,55.862,-153.000
-86.306,56.194,-153.000
-86.250,56.640,-153.000
-86.250,57.109,-153.000
-86.250,57.578,-153.000
-86.250,58.047,-153.000
-86.250,58.516,-153.000
-86.210,58.979,-153.000
-86.091,59.433,-153.000
-85.971,59.886,-153.000
-85.852,60.340,-153.000
-85.733,60.794,-153.000
-85.613,61.247,-153.000
-85.494,61.701,-153.000
-85.375,62.154,-153.000
-85.255,62.608,-153.000
-85.136,63.061,-153.000
-84.970,63.497,-153.000
-84.760,63.917,-153.000
-84.551,64.336,-153.000
-84.341,64.755,-153.000
-84.131,65.175,-153.000
-83.922,65.594,-153.000
-83.712,66.014,-153.000
-83.502,66.433,-153.000
-83.292,66.853,-153.000
-83.083,67.272,-153.000
-82.847,67.676,-153.000
-82.580,68.062,-153.000
-82.313,68.447,-153.000
-82.046,68.833,-153.000
-81.779,69.218,-153.000
-81.512,69.604,-153.000
-81.245,69.990,-153.000
-80.978,70.375,-153.000
-80.675,70.731,-153.000
-80.344,71.062,-153.000
-80.012,71.394,-153.000
-79.681,71.726,-153.000
-79.349,72.057,-153.000
-79.017,72.389,-153.000
-78.686,72.721,-153.000
-78.354,73.052,-153.000
-78.023,73.384,-153.000
-77.691,73.715,-153.000
-77.359,74.047,-153.000
-77.028,74.379,-153.000
-76.696,74.710,-153.000
-76.364,75.042,-153.000
-76.033,75.373,-153.000
-75.701,75.705,-153.000
-75.353,76.016,-153.000
-74.965,76.281,-153.000
-74.578,76.545,-153.000
-74.191,76.809,-153.000
-73.803,77.073,-153.000
-73.416,77.337,-153.000
-73.028,77.602,-153.000
-72.641,77.866,-153.000
-72.253,78.130,-153.000
-71.866,78.394,-153.000
-71.478,78.658,-153.000
-71.091,78.922,-153.000
-70.703,79.187,-153.000
-70.316,79.451,-153.000
-69.891,79.650,-153.000
-69.466,79.848,-153.000
-69.041,80.046,-153.000
-68.616,80.245,-153.000
-68.191,80.443,-153.000
-67.766,80.641,-153.000
-67.341,80.840,-153.000
-66.916,81.038,-153.000
-66.491,81.236,-153.000
-66.066,81.435,-153.000
-65.642,81.633,-153.000
-65.217,81.831,-153.000
-64.792,82.030,-153.000
-64.367,82.228,-153.000
-63.942,82.426,-153.000
-63.517,82.624,-153.000
-63.080,82.793,-153.000
-62.630,82.924,-153.000
-62.180,83.056,-153.000
-61.730,83.187,-153.000
-61.280,83.318,-153.000
-60.829,83.449,-153.000
-60.379,83.581,-153.000
-59.929,83.712,-153.000
-59.479,83.843,-153.000
-59.029,83.975,-153.000
-58.578,84.106,-153.000
-58.128,84.237,-153.000
-57.678,84.369,-153.000
-57.219,84.463,-153.000
-56.759,84.555,-153.000
-56.299,84.646,-153.000
-55.839,84.738,-153.000
-55.379,84.830,-153.000
-54.919,84.922,-153.000
-54.459,85.014,-153.000
-54.000,85.106,-153.000
-53.540,85.198,-153.000
-53.080,85.290,-153.000
-52.613,85.312,-153.000
-52.144,85.312,-153.000
-51.675,85.312,-153.000
-51.242,85.399,-153.000
-50.834,85.547,-153.000
-50.365,85.547,-153.000
-49.896,85.547,-153.000
-49.427,85.547,-153.000
-48.959,85.547,-153.000
-48.490,85.547,-153.000
-48.021,85.547,-153.000
-47.552,85.547,-153.000
-47.090,85.566,-153.000
-46.711,85.792,-153.000
-46.243,85.823,-153.000
-45.775,85.855,-153.000
-45.307,85.886,-153.000
-44.839,85.917,-153.000
-44.371,85.948,-153.000
-43.904,85.979,-153.000
-43.436,86.011,-153.000
-42.995,86.161,-153.000
-42.559,86.336,-153.000
-42.124,86.510,-153.000
-41.689,86.684,-153.000
-41.253,86.858,-153.000
-40.840,87.074,-153.000
-40.455,87.341,-153.000
-40.069,87.608,-153.000
-39.684,87.875,-153.000
-39.298,88.142,-153.000
-38.913,88.409,-153.000
-38.527,88.676,-153.000
-38.141,88.943,-153.000
-37.739,89.182,-153.000
-37.323,89.398,-153.000
-36.907,89.615,-153.000
-36.491,89.831,-153.000
-36.075,90.047,-153.000
-35.659,90.264,-153.000
-35.243,90.480,-153.000
-34.826,90.697,-153.000
-34.410,90.913,-153.000
-33.994,91.129,-153.000
-33.578,91.346,-153.000
-33.162,91.562,-153.000
-32.746,91.778,-153.000
-32.330,91.995,-153.000
-31.902,92.182,-153.000
-31.459,92.338,-153.000
-31.017,92.493,-153.000
-30.574,92.649,-153.000
-30.132,92.804,-153.000
-29.689,92.960,-153.000
-29.247,93.115,-153.000
-28.804,93.271,-153.000
-28.362,93.426,-153.000
-27.919,93.581,-153.000
-27.477,93.737,-153.000
-27.035,93.892,-153.000
-26.592,94.048,-153.000
-26.150,94.203,-153.000
-25.707,94.359,-153.000
-25.265,94.514,-153.000
-24.822,94.670,-153.000
-24.380,94.825,-153.000
-23.937,94.981,-153.000
-23.495,95.136,-153.000
-23.038,95.241,-153.000
-22.580,95.339,-153.000
-22.121,95.436,-153.000
-21.662,95.534,-153.000
-21.204,95.632,-153.000
-20.745,95.729,-153.000
-20.286,95.827,-153.000
-19.828,95.924,-153.000
-19.369,96.022,-153.000
-18.910,96.120,-153.000
-18.451,96.217,-153.000
-17.993,96.315,-153.000
-17.534,96.412,-153.000
-17.075,96.510,-153.000
-16.617,96.607,-153.000
-16.158,96.705,-153.000
-15.699,96.803,-153.000
-15.241,96.900,-153.000
-14.782,96.998,-153.000
-14.323,97.095,-153.000
-13.864,97.193,-153.000
-13.406,97.291,-153.000
-12.947,97.388,-153.000
-12.488,97.486,-153.000
-12.022,97.525,-153.000
-11.554,97.554,-153.000
-11.086,97.584,-153.000
-10.618,97.613,-153.000
-10.149,97.642,-153.000
-9.681,97.671,-153.000
-9.213,97.701,-153.000
-8.745,97.730,-153.000
-8.374,97.969,-153.000
-7.905,97.969,-153.000
-7.436,97.969,-153.000
-6.967,97.969,-153.000
-6.498,97.969,-153.000
-6.029,97.969,-153.000
-5.560,97.969,-153.000
-5.110,98.015,-153.000
-4.719,98.203,-153.000
-4.250,98.203,-153.000
-3.781,98.203,-153.000
-3.312,98.203,-153.000
-2.843,98.203,-153.000
-2.374,98.203,-153.000
-1.905,98.203,-153.000
-1.496,98.348,-153.000
-1.064,98.438,-153.000
-0.595,98.438,-153.000
-0.126,98.438,-153.000
0.342,98.438,-153.000
0.811,98.438,-153.000
1.280,98.438,-153.000
1.749,98.438,-153.000
2.218,98.438,-153.000
2.687,98.438,-153.000
3.156,98.438,-153.000
3.625,98.438,-153.000
4.094,98.438,-153.000
4.563,98.438,-153.000
5.032,98.438,-153.000
5.501,98.438,-153.000
5.970,98.438,-153.000
6.439,98.438,-153.000
6.908,98.438,-153.000
7.377,98.438,-153.000
7.846,98.438,-153.000
8.315,98.438,-153.000
8.784,98.438,-153.000
9.220,98.358,-153.000
9.625,98.203,-153.000
10.094,98.203,-153.000
10.563,98.203,-153.000
11.032,98.203,-153.000
11.501,98.203,-153.000
11.969,98.203,-153.000
12.365,98.026,-153.000
12.810,97.954,-153.000
13.279,97.936,-153.000
13.747,97.918,-153.000
14.216,97.900,-153.000
14.684,97.882,-153.000
15.153,97.864,-153.000
15.622,97.846,-153.000
16.090,97.828,-153.000
16.559,97.810,-153.000
17.028,97.792,-153.000
17.496,97.774,-153.000
17.965,97.756,-153.000
18.433,97.738,-153.000
18.805,97.500,-153.000
19.274,97.500,-153.000
19.743,97.500,-153.000
20.212,97.500,-153.000
20.680,97.490,-153.000
21.141,97.403,-153.000
21.602,97.317,-153.000
22.063,97.230,-153.000
22.524,97.144,-153.000
22.985,97.058,-153.000
23.446,96.971,-153.000
23.907,96.885,-153.000
24.368,96.798,-153.000
24.836,96.797,-153.000
25.305,96.797,-153.000
25.774,96.797,-153.000
26.243,96.797,-153.000
26.712,96.797,-153.000
27.181,96.797,-153.000
27.650,96.797,-153.000
28.119,96.797,-153.000
28.588,96.797,-153.000
29.057,96.797,-153.000
29.526,96.797,-153.000
29.995,96.797,-153.000
30.464,96.797,-153.000
30.933,96.797,-153.000
31.402,96.797,-153.000
31.871,96.797,-153.000
32.340,96.797,-153.000
32.785,96.944,-153.000
33.230,97.092,-153.000
33.675,97.241,-153.000
34.138,97.304,-153.000
34.604,97.351,-153.000
35.071,97.398,-153.000
35.538,97.444,-153.000
36.004,97.491,-153.000
36.409,97.710,-153.000
36.800,97.970,-153.000
37.245,98.118,-153.000
37.689,98.266,-153.000
38.134,98.415,-153.000
38.579,98.563,-153.000
39.024,98.711,-153.000
39.469,98.859,-153.000
39.914,99.008,-153.000
40.359,99.156,-153.000
40.804,99.304,-153.000
41.254,99.435,-153.000
41.709,99.548,-153.000
42.164,99.662,-153.000
42.619,99.776,-153.000
43.074,99.890,-153.000
43.529,100.003,-153.000
43.984,100.117,-153.000
44.439,100.231,-153.000
44.894,100.344,-153.000
45.349,100.458,-153.000
45.806,100.555,-153.000
46.274,100.591,-153.000
46.742,100.627,-153.000
47.209,100.663,-153.000
47.677,100.699,-153.000
48.144,100.735,-153.000
48.612,100.771,-153.000
48.984,101.015,-153.000
49.452,101.016,-153.000
49.921,101.016,-153.000
50.390,101.016,-153.000
50.859,101.016,-153.000
51.328,101.016,-153.000
51.797,101.016,-153.000
19.688,-6.797,-153.000
19.376,-7.147,-153.000
19.064,-7.498,-153.000
18.753,-7.849,-153.000
18.441,-8.199,-153.000
18.129,-8.550,-153.000
17.818,-8.901,-153.000
17.363,-9.010,-153.000
16.906,-9.116,-153.000
16.449,-9.221,-153.000
15.991,-9.326,-153.000
15.534,-9.432,-153.000
15.077,-9.537,-153.000
14.617,-9.594,-153.000
14.151,-9.545,-153.000
13.684,-9.496,-153.000
13.217,-9.446,-153.000
12.751,-9.397,-153.000
12.284,-9.348,-153.000
11.818,-9.299,-153.000
11.351,-9.250,-153.000
10.885,-9.201,-153.000
10.418,-9.152,-153.000
9.968,-9.255,-153.000
9.523,-9.404,-153.000
9.078,-9.552,-153.000
8.676,-9.782,-153.000
8.301,-10.064,-153.000
7.916,-10.323,-153.000
7.456,-10.415,-153.000
6.996,-10.507,-153.000
6.536,-10.599,-153.000
6.076,-10.691,-153.000
5.616,-10.780,-153.000
5.154,-10.696,-153.000
4.692,-10.612,-153.000
4.231,-10.528,-153.000
3.769,-10.444,-153.000
3.308,-10.360,-153.000
2.864,-10.221,-153.000
2.445,-10.012,-153.000
2.043,-9.777,-153.000
1.711,-9.446,-153.000
1.379,-9.114,-153.000
1.048,-8.782,-153.000
0.716,-8.450,-153.000
0.953,-8.813,-153.000
1.235,-9.180,-153.000
1.633,-9.429,-153.000
2.031,-9.678,-153.000
2.429,-9.926,-153.000
2.827,-10.175,-153.000
3.253,-10.350,-153.000
3.714,-10.434,-153.000
4.176,-10.518,-153.000
4.638,-10.602,-153.000
5.099,-10.686,-153.000
5.561,-10.770,-153.000
6.021,-10.702,-153.000
6.481,-10.610,-153.000
6.941,-10.518,-153.000
7.401,-10.426,-153.000
7.861,-10.334,-153.000
8.256,-10.097,-153.000
8.631,-9.816,-153.000
9.025,-9.570,-153.000
9.470,-9.421,-153.000
9.915,-9.273,-153.000
10.363,-9.144,-153.000
10.831,-9.171,-153.000
11.300,-9.199,-153.000
11.768,-9.226,-153.000
12.236,-9.254,-153.000
12.705,-9.281,-153.000
13.173,-9.309,-153.000
13.641,-9.336,-153.000
14.109,-9.364,-153.000
14.496,-9.574,-153.000
14.945,-9.540,-153.000
15.407,-9.463,-153.000
15.870,-9.386,-153.000
16.333,-9.309,-153.000
16.796,-9.232,-153.000
17.258,-9.155,-153.000
17.672,-8.944,-153.000
18.074,-8.703,-153.000
18.476,-8.461,-153.000
18.787,-8.112,-153.000
19.087,-7.752,-153.000
19.387,-7.392,-153.000
19.688,-7.031,-153.000
63.985,-11.719,-153.000
63.536,-11.857,-153.000
63.088,-11.994,-153.000
62.640,-12.132,-153.000
62.192,-12.270,-153.000
61.744,-12.408,-153.000
61.296,-12.546,-153.000
60.863,-12.714,-153.000
60.491,-13.000,-153.000
60.120,-13.285,-153.000
59.748,-13.571,-153.000
59.376,-13.857,-153.000
59.005,-14.143,-153.000
58.633,-14.429,-153.000
58.261,-14.715,-153.000
57.890,-15.001,-153.000
57.481,-15.231,-153.000
57.073,-15.462,-153.000
56.665,-15.693,-153.000
56.257,-15.923,-153.000
55.849,-16.154,-153.000
55.440,-16.385,-153.000
55.032,-16.616,-153.000
54.624,-16.846,-153.000
54.216,-17.077,-153.000
53.808,-17.308,-153.000
53.400,-17.538,-153.000
52.991,-17.769,-153.000
52.583,-18.000,-153.000
52.153,-18.184,-153.000
51.717,-18.357,-153.000
51.281,-18.529,-153.000
50.845,-18.701,-153.000
50.409,-18.874,-153.000
49.973,-19.046,-153.000
49.537,-19.218,-153.000
49.100,-19.391,-153.000
48.664,-19.563,-153.000
48.228,-19.736,-153.000
47.792,-19.908,-153.000
47.356,-20.080,-153.000
46.920,-20.253,-153.000
46.484,-20.425,-153.000
46.048,-20.598,-153.000
45.612,-20.770,-153.000
45.176,-20.942,-153.000
44.740,-21.115,-153.000
44.304,-21.287,-153.000
43.868,-21.460,-153.000
43.432,-21.632,-153.000
42.996,-21.804,-153.000
42.560,-21.977,-153.000
42.113,-22.117,-153.000
41.661,-22.243,-153.000
41.210,-22.369,-153.000
40.758,-22.495,-153.000
40.306,-22.621,-153.000
39.855,-22.747,-153.000
39.403,-22.873,-153.000
38.951,-22.998,-153.000
38.500,-23.124,-153.000
38.048,-23.250,-153.000
37.596,-23.376,-153.000
37.145,-23.502,-153.000
36.693,-23.628,-153.000
36.241,-23.754,-153.000
35.790,-23.880,-153.000
35.338,-24.005,-153.000
34.886,-24.131,-153.000
34.435,-24.257,-153.000
33.983,-24.383,-153.000
33.531,-24.509,-153.000
33.080,-24.635,-153.000
32.628,-24.761,-153.000
32.176,-24.887,-153.000
31.725,-25.012,-153.000
31.273,-25.138,-153.000
30.821,-25.264,-153.000
30.370,-25.390,-153.000
29.918,-25.516,-153.000
29.466,-25.642,-153.000
29.015,-25.768,-153.000
28.563,-25.894,-153.000
28.111,-26.018,-153.000
27.651,-26.106,-153.000
27.190,-26.194,-153.000
26.729,-26.281,-153.000
26.269,-26.369,-153.000
25.808,-26.457,-153.000
25.348,-26.545,-153.000
24.887,-26.632,-153.000
24.426,-26.720,-153.000
23.966,-26.808,-153.000
23.505,-26.896,-153.000
23.045,-26.983,-153.000
22.584,-27.071,-153.000
22.123,-27.159,-153.000
21.663,-27.247,-153.000
21.202,-27.334,-153.000
20.742,-27.422,-153.000
20.281,-27.510,-153.000
19.820,-27.597,-153.000
19.360,-27.685,-153.000
18.899,-27.773,-153.000
18.439,-27.861,-153.000
17.974,-27.925,-153.000
17.508,-27.976,-153.000
17.042,-28.028,-153.000
16.576,-28.080,-153.000
16.110,-28.132,-153.000
15.644,-28.184,-153.000
15.178,-28.235,-153.000
14.712,-28.287,-153.000
14.246,-28.339,-153.000
13.780,-28.391,-153.000
13.314,-28.443,-153.000
12.848,-28.494,-153.000
12.382,-28.546,-153.000
11.927,-28.620,-153.000
11.545,-28.839,-153.000
11.077,-28.868,-153.000
10.609,-28.898,-153.000
10.141,-28.927,-153.000
9.673,-28.956,-153.000
9.205,-28.985,-153.000
8.737,-29.015,-153.000
8.269,-29.044,-153.000
7.850,-29.181,-153.000
7.429,-29.314,-153.000
6.961,-29.340,-153.000
6.493,-29.366,-153.000
6.025,-29.392,-153.000
5.557,-29.418,-153.000
5.088,-29.444,-153.000
4.620,-29.470,-153.000
4.152,-29.496,-153.000
3.684,-29.522,-153.000
3.303,-29.744,-153.000
2.844,-29.786,-153.000
2.376,-29.807,-153.000
1.907,-29.828,-153.000
1.439,-29.849,-153.000
0.970,-29.871,-153.000
0.502,-29.892,-153.000
0.034,-29.913,-153.000
-0.435,-29.935,-153.000
-0.903,-29.956,-153.000
-1.372,-29.977,-153.000
-1.840,-29.998,-153.000
-2.212,-30.234,-153.000
-2.681,-30.234,-153.000
-3.150,-30.234,-153.000
-3.618,-30.234,-153.000
-4.087,-30.234,-153.000
-4.556,-30.234,-153.000
-5.025,-30.234,-153.000
-5.494,-30.234,-153.000
-5.963,-30.234,-153.000
-6.432,-30.234,-153.000
-6.870,-30.308,-153.000
-7.272,-30.465,-153.000
-7.741,-30.457,-153.000
-8.210,-30.449,-153.000
-8.679,-30.441,-153.000
-9.148,-30.433,-153.000
-9.616,-30.426,-153.000
-10.085,-30.418,-153.000
-10.554,-30.410,-153.000
-11.023,-30.402,-153.000
-11.492,-30.394,-153.000
-11.961,-30.387,-153.000
-12.429,-30.379,-153.000
-12.898,-30.371,-153.000
-13.367,-30.363,-153.000
-13.836,-30.355,-153.000
-14.305,-30.348,-153.000
-14.773,-30.340,-153.000
-15.242,-30.332,-153.000
-15.711,-30.324,-153.000
-16.180,-30.316,-153.000
-16.649,-30.308,-153.000
-17.118,-30.301,-153.000
-17.586,-30.293,-153.000
-18.055,-30.285,-153.000
-18.524,-30.277,-153.000
-18.993,-30.269,-153.000
-19.462,-30.262,-153.000
-19.930,-30.254,-153.000
-20.399,-30.246,-153.000
-20.868,-30.238,-153.000
-21.266,-30.062,-153.000
-21.709,-30.000,-153.000
-22.178,-30.000,-153.000
-22.646,-30.000,-153.000
-23.115,-30.000,-153.000
-23.487,-29.766,-153.000
-23.956,-29.766,-153.000
-24.425,-29.766,-153.000
-24.894,-29.766,-153.000
-25.348,-29.730,-153.000
-25.733,-29.512,-153.000
-26.200,-29.463,-153.000
-26.666,-29.413,-153.000
-27.132,-29.364,-153.000
-27.599,-29.315,-153.000
-28.065,-29.266,-153.000
-28.531,-29.217,-153.000
-28.998,-29.168,-153.000
-29.464,-29.119,-153.000
-29.930,-29.070,-153.000
-30.387,-28.966,-153.000
-30.842,-28.852,-153.000
-31.297,-28.738,-153.000
-31.751,-28.625,-153.000
-32.206,-28.511,-153.000
-32.661,-28.397,-153.000
-33.116,-28.283,-153.000
-33.571,-28.170,-153.000
-34.034,-28.105,-153.000
-34.501,-28.071,-153.000
-34.969,-28.038,-153.000
-35.437,-28.005,-153.000
-35.904,-27.971,-153.000
-36.372,-27.938,-153.000
-36.840,-27.904,-153.000
-37.227,-28.086,-153.000
-37.515,-28.441,-153.000
-37.599,-28.902,-153.000
-37.683,-29.364,-153.000
-37.766,-29.825,-153.000
-37.850,-30.286,-153.000
-37.934,-30.747,-153.000
-38.112,-31.173,-153.000
-38.355,-31.574,-153.000
-38.599,-31.975,-153.000
-38.842,-32.376,-153.000
-39.085,-32.776,-153.000
-39.329,-33.177,-153.000
-39.572,-33.578,-153.000
-39.815,-33.979,-153.000
-40.059,-34.380,-153.000
-40.302,-34.780,-153.000
-40.545,-35.181,-153.000
-40.789,-35.582,-153.000
-41.032,-35.983,-153.000
-41.275,-36.384,-153.000
-41.519,-36.784,-153.000
-41.762,-37.185,-153.000
-42.005,-37.586,-153.000
-42.249,-37.987,-153.000
-42.492,-38.388,-153.000
-42.735,-38.788,-153.000
-42.979,-39.189,-153.000
-43.222,-39.590,-153.000
-43.465,-39.991,-153.000
-43.709,-40.391,-153.000
-43.952,-40.792,-153.000
-44.195,-41.193,-153.000
-44.439,-41.594,-153.000
-44.682,-41.995,-153.000
-44.925,-42.395,-153.000
-45.169,-42.796,-153.000
-45.412,-43.197,-153.000
-45.655,-43.598,-153.000
-45.899,-43.999,-153.000
-46.117,-44.414,-153.000
-46.330,-44.831,-153.000
-46.543,-45.249,-153.000
-46.756,-45.666,-153.000
-46.970,-46.084,-153.000
-47.183,-46.501,-153.000
-47.396,-46.919,-153.000
-47.609,-47.337,-153.000
-47.823,-47.754,-153.000
-48.036,-48.172,-153.000
-48.249,-48.589,-153.000
-48.462,-49.007,-153.000
-48.676,-49.425,-153.000
-48.889,-49.842,-153.000
-49.102,-50.260,-153.000
-49.315,-50.677,-153.000
-49.529,-51.095,-153.000
-49.742,-51.513,-153.000
-49.955,-51.930,-153.000
-50.168,-52.348,-153.000
-50.381,-52.765,-153.000
-50.595,-53.183,-153.000
-50.808,-53.600,-153.000
-51.021,-54.018,-153.000
-51.234,-54.436,-153.000
-51.448,-54.853,-153.000
-51.641,-55.280,-153.000
-51.811,-55.717,-153.000
-51.981,-56.154,-153.000
-52.151,-56.591,-153.000
-52.321,-57.028,-153.000
-52.491,-57.465,-153.000
-52.661,-57.902,-153.000
-52.831,-58.339,-153.000
-53.000,-58.776,-153.000
-53.170,-59.213,-153.000
-53.277,-59.668,-153.000
-53.369,-60.128,-153.000
-53.461,-60.588,-153.000
-53.553,-61.047,-153.000
-53.645,-61.507,-153.000
-53.872,-61.907,-153.000
-54.153,-62.282,-153.000
-54.372,-62.677,-153.000
-54.356,-63.145,-153.000
-54.340,-63.614,-153.000
-54.325,-64.083,-153.000
-54.309,-64.551,-153.000
-54.294,-65.020,-153.000
-54.278,-65.489,-153.000
-54.262,-65.957,-153.000
-54.247,-66.426,-153.000
-54.231,-66.894,-153.000
-54.216,-67.363,-153.000
-54.200,-67.832,-153.000
-54.184,-68.300,-153.000
-54.169,-68.769,-153.000
-54.153,-69.238,-153.000
-54.113,-69.702,-153.000
-53.981,-70.152,-153.000
-53.849,-70.602,-153.000
-53.716,-71.052,-153.000
-53.584,-71.502,-153.000
-53.452,-71.951,-153.000
-53.319,-72.401,-153.000
-53.187,-72.851,-153.000
-53.055,-73.301,-153.000
-52.969,-73.757,-153.000
-52.969,-74.226,-153.000
-52.969,-74.695,-153.000
-52.929,-75.159,-153.000
-52.815,-75.614,-153.000
-52.702,-76.069,-153.000
-52.588,-76.524,-153.000
-52.409,-76.932,-153.000
-52.012,-77.180,-153.000
-51.614,-77.429,-153.000
-51.217,-77.677,-153.000
-50.819,-77.926,-153.000
-50.488,-78.244,-153.000
-50.221,-78.630,-153.000
-49.955,-79.015,-153.000
-49.688,-79.401,-153.000
-49.421,-79.786,-153.000
-49.154,-80.172,-153.000
-48.887,-80.557,-153.000
-48.620,-80.943,-153.000
-48.314,-81.296,-153.000
-47.982,-81.627,-153.000
-47.651,-81.959,-153.000
-47.319,-82.290,-153.000
-46.988,-82.622,-153.000
-46.656,-82.953,-153.000
-46.325,-83.285,-153.000
-45.993,-83.616,-153.000
-45.661,-83.948,-153.000
-45.330,-84.279,-153.000
-44.998,-84.611,-153.000
-44.667,-84.943,-153.000
-44.310,-85.244,-153.000
-43.934,-85.526,-153.000
-43.559,-85.807,-153.000
-43.184,-86.088,-153.000
-42.809,-86.370,-153.000
-42.434,-86.651,-153.000
-42.059,-86.932,-153.000
-41.680,-87.208,-153.000
-41.266,-87.429,-153.000
-40.853,-87.649,-153.000
-40.439,-87.870,-153.000
-40.025,-88.091,-153.000
-39.612,-88.311,-153.000
-39.198,-88.532,-153.000
-38.784,-88.753,-153.000
-38.370,-88.973,-153.000
-37.938,-89.151,-153.000
-37.493,-89.299,-153.000
-37.049,-89.447,-153.000
-36.604,-89.596,-153.000
-36.159,-89.744,-153.000
-35.714,-89.892,-153.000
-35.269,-90.040,-153.000
-34.824,-90.189,-153.000
-34.380,-90.337,-153.000
-33.935,-90.485,-153.000
-33.490,-90.634,-153.000
-33.045,-90.782,-153.000
-32.600,-90.930,-153.000
-32.136,-90.989,-153.000
-31.670,-91.042,-153.000
-31.204,-91.096,-153.000
-30.738,-91.150,-153.000
-30.272,-91.204,-153.000
-29.807,-91.257,-153.000
-29.341,-91.311,-153.000
-28.875,-91.365,-153.000
-28.409,-91.419,-153.000
-27.944,-91.472,-153.000
-27.478,-91.526,-153.000
-27.012,-91.580,-153.000
-26.546,-91.633,-153.000
-26.175,-91.875,-153.000
-25.706,-91.875,-153.000
-25.237,-91.875,-153.000
-24.768,-91.875,-153.000
-24.321,-91.929,-153.000
-23.927,-92.109,-153.000
-23.459,-92.109,-153.000
-22.990,-92.109,-153.000
-22.521,-92.109,-153.000
-22.052,-92.109,-153.000
-21.583,-92.109,-153.000
-21.114,-92.109,-153.000
-20.645,-92.109,-153.000
-20.176,-92.109,-153.000
-19.708,-92.109,-153.000
-19.239,-92.109,-153.000
-18.770,-92.109,-153.000
-18.301,-92.109,-153.000
-17.832,-92.109,-153.000
-17.363,-92.109,-153.000
-16.894,-92.109,-153.000
-16.425,-92.109,-153.000
-15.956,-92.109,-153.000
-15.488,-92.109,-153.000
-15.019,-92.109,-153.000
-14.550,-92.109,-153.000
-14.081,-92.109,-153.000
-13.612,-92.109,-153.000
-13.143,-92.109,-153.000
-12.674,-92.109,-153.000
-12.205,-92.109,-153.000
-11.737,-92.109,-153.000
-11.268,-92.109,-153.000
-10.799,-92.109,-153.000
-10.427,-91.865,-153.000
-9.960,-91.824,-153.000
-9.493,-91.783,-153.000
-9.026,-91.743,-153.000
-8.559,-91.702,-153.000
-8.092,-91.662,-153.000
-7.625,-91.621,-153.000
-7.158,-91.580,-153.000
-6.690,-91.540,-153.000
-6.223,-91.499,-153.000
-5.756,-91.458,-153.000
-5.289,-91.418,-153.000
-4.918,-91.171,-153.000
-4.453,-91.113,-153.000
-3.987,-91.055,-153.000
-3.522,-90.997,-153.000
-3.057,-90.939,-153.000
-2.592,-90.881,-153.000
-2.126,-90.822,-153.000
-1.661,-90.764,-153.000
-1.196,-90.706,-153.000
-0.750,-90.562,-153.000
-0.305,-90.414,-153.000
0.140,-90.266,-153.000
0.495,-89.973,-153.000
0.827,-89.642,-153.000
1.158,-89.310,-153.000
1.056,-88.862,-153.000
0.935,-88.409,-153.000
0.814,-87.956,-153.000
0.694,-87.503,-153.000
0.573,-87.050,-153.000
0.452,-86.597,-153.000
0.331,-86.144,-153.000
0.196,-85.696,-153.000
0.006,-85.267,-153.000
-0.185,-84.839,-153.000
-0.375,-84.410,-153.000
-0.565,-83.982,-153.000
-0.756,-83.553,-153.000
-0.946,-83.125,-153.000
-1.137,-82.696,-153.000
-1.327,-82.268,-153.000
-1.518,-81.840,-153.000
-1.657,-81.398,-153.000
-1.704,-80.931,-153.000
-1.750,-80.464,-153.000
-1.797,-79.998,-153.000
-1.844,-79.531,-153.000
-1.924,-79.072,-153.000
-2.072,-78.627,-153.000
-2.220,-78.182,-153.000
-2.344,-77.733,-153.000
-2.344,-77.265,-153.000
-2.344,-76.796,-153.000
-2.344,-76.327,-153.000
-2.344,-75.858,-153.000
-2.344,-75.389,-153.000
-2.344,-74.920,-153.000
-2.344,-74.451,-153.000
-2.344,-73.982,-153.000
-2.344,-73.514,-153.000
-2.344,-73.045,-153.000
-2.344,-72.576,-153.000
-2.344,-72.737,-153.000
-2.344,-73.206,-153.000
-2.344,-73.675,-153.000
-2.344,-74.143,-153.000
-2.344,-74.612,-153.000
-2.344,-75.081,-153.000
-2.344,-75.550,-153.000
-2.344,-76.019,-153.000
-2.344,-76.488,-153.000
-2.344,-76.957,-153.000
-2.344,-77.426,-153.000
-2.318,-77.890,-153.000
-2.170,-78.335,-153.000
-2.021,-78.780,-153.000
-1.874,-79.225,-153.000
-1.828,-79.692,-153.000
-1.781,-80.158,-153.000
-1.734,-80.625,-153.000
-1.688,-81.091,-153.000
-1.641,-81.558,-153.000
-1.443,-81.983,-153.000
-1.243,-82.407,-153.000
-1.044,-82.831,-153.000
-0.844,-83.255,-153.000
-0.644,-83.680,-153.000
-0.445,-84.104,-153.000
-0.245,-84.528,-153.000
-0.045,-84.952,-153.000
0.154,-85.377,-153.000
0.302,-85.819,-153.000
0.416,-86.274,-153.000
0.530,-86.729,-153.000
0.644,-87.184,-153.000
0.757,-87.639,-153.000
0.871,-88.094,-153.000
0.985,-88.548,-153.000
1.098,-89.003,-153.000
1.330,-89.349,-153.000
1.774,-89.498,-153.000
2.219,-89.646,-153.000
2.664,-89.794,-153.000
3.109,-89.943,-153.000
3.567,-90.032,-153.000
4.033,-90.083,-153.000
4.499,-90.135,-153.000
4.965,-90.187,-153.000
5.431,-90.239,-153.000
5.897,-90.291,-153.000
6.363,-90.342,-153.000
6.829,-90.394,-153.000
7.295,-90.446,-153.000
7.686,-90.654,-153.000
8.134,-90.703,-153.000
8.603,-90.703,-153.000
9.072,-90.703,-153.000
9.541,-90.703,-153.000
10.001,-90.619,-153.000
10.459,-90.521,-153.000
10.918,-90.423,-153.000
11.376,-90.325,-153.000
11.835,-90.226,-153.000
12.293,-90.128,-153.000
12.752,-90.030,-153.000
13.183,-89.854,-153.000
13.602,-89.644,-153.000
14.022,-89.434,-153.000
14.411,-89.183,-153.000
14.742,-88.851,-153.000
15.074,-88.520,-153.000
15.405,-88.188,-153.000
15.737,-87.857,-153.000
16.069,-87.525,-153.000
16.400,-87.194,-153.000
16.801,-86.951,-153.000
17.203,-86.709,-153.000
17.605,-86.468,-153.000
18.007,-86.227,-153.000
18.409,-85.986,-153.000
18.767,-85.712,-153.000
18.881,-85.257,-153.000
18.984,-84.801,-153.000
18.984,-84.332,-153.000
18.984,-83.863,-153.000
18.984,-83.394,-153.000
18.984,-82.925,-153.000
18.984,-82.457,-153.000
18.984,-81.988,-153.000
18.984,-81.519,-153.000
18.984,-81.050,-153.000
18.984,-80.581,-153.000
18.984,-80.112,-153.000
18.984,-79.643,-153.000
18.984,-79.174,-153.000
18.984,-78.706,-153.000
18.984,-78.237,-153.000
18.984,-77.768,-153.000
18.984,-77.299,-153.000
18.984,-77.389,-153.000
18.984,-77.858,-153.000
18.984,-78.327,-153.000
18.984,-78.795,-153.000
18.984,-79.264,-153.000
18.984,-79.733,-153.000
18.984,-80.202,-153.000
18.984,-80.671,-153.000
18.984,-81.140,-153.000
18.984,-81.609,-153.000
18.984,-82.078,-153.000
18.984,-82.546,-153.000
18.984,-83.015,-153.000
18.984,-83.484,-153.000
18.984,-83.953,-153.000
18.984,-84.422,-153.000
18.973,-84.889,-153.000
18.859,-85.344,-153.000
18.764,-85.793,-153.000
19.126,-86.091,-153.000
19.488,-86.389,-153.000
19.850,-86.687,-153.000
20.212,-86.985,-153.000
20.574,-87.283,-153.000
20.936,-87.581,-153.000
21.298,-87.879,-153.000
21.660,-88.178,-153.000
22.022,-88.476,-153.000
22.384,-88.774,-153.000
22.749,-89.066,-153.000
23.205,-89.171,-153.000
23.662,-89.277,-153.000
24.119,-89.382,-153.000
24.576,-89.488,-153.000
25.033,-89.593,-153.000
25.490,-89.698,-153.000
25.951,-89.754,-153.000
26.419,-89.723,-153.000
26.886,-89.692,-153.000
27.354,-89.661,-153.000
27.822,-89.630,-153.000
28.290,-89.598,-153.000
28.758,-89.567,-153.000
29.226,-89.536,-153.000
29.659,-89.367,-153.000
30.086,-89.173,-153.000
30.512,-88.979,-153.000
30.939,-88.785,-153.000
31.366,-88.591,-153.000
31.793,-88.397,-153.000
32.250,-88.306,-153.000
32.714,-88.240,-153.000
33.178,-88.173,-153.000
33.616,-88.045,-153.000
33.982,-87.752,-153.000
34.348,-87.459,-153.000
34.692,-87.154,-153.000
34.759,-86.690,-153.000
34.825,-86.226,-153.000
34.891,-85.761,-153.000
34.958,-85.297,-153.000
35.024,-84.833,-153.000
35.090,-84.369,-153.000
35.157,-83.905,-153.000
35.313,-83.463,-153.000
35.469,-83.020,-153.000
35.625,-82.578,-153.000
35.781,-82.136,-153.000
35.937,-81.694,-153.000
36.093,-81.252,-153.000
36.249,-80.810,-153.000
36.405,-80.368,-153.000
36.561,-79.925,-153.000
36.624,-79.461,-153.000
36.686,-78.996,-153.000
36.748,-78.531,-153.000
36.810,-78.067,-153.000
36.872,-77.602,-153.000
36.934,-77.137,-153.000
36.996,-76.672,-153.000
37.005,-76.605,-153.000
36.943,-77.070,-153.000
36.881,-77.535,-153.000
36.819,-77.999,-153.000
36.757,-78.464,-153.000
36.695,-78.929,-153.000
36.633,-79.394,-153.000
36.571,-79.858,-153.000
36.428,-80.304,-153.000
36.272,-80.746,-153.000
36.116,-81.188,-153.000
35.960,-81.630,-153.000
35.804,-82.072,-153.000
35.647,-82.514,-153.000
35.491,-82.957,-153.000
35.335,-83.399,-153.000
35.179,-83.841,-153.000
35.156,-84.306,-153.000
35.156,-84.775,-153.000
35.113,-85.238,-153.000
34.989,-85.690,-153.000
34.866,-86.142,-153.000
34.743,-86.595,-153.000
34.619,-87.047,-153.000
34.496,-87.500,-153.000
34.670,-87.873,-153.000
35.001,-88.204,-153.000
35.406,-88.359,-153.000
35.875,-88.359,-153.000
36.343,-88.365,-153.000
36.782,-88.530,-153.000
37.221,-88.694,-153.000
37.660,-88.859,-153.000
38.099,-89.023,-153.000
38.554,-89.133,-153.000
39.014,-89.225,-153.000
39.473,-89.317,-153.000
39.933,-89.409,-153.000
40.393,-89.500,-153.000
40.859,-89.531,-153.000
41.328,-89.531,-153.000
41.796,-89.531,-153.000
42.243,-89.586,-153.000
42.637,-89.778,-153.000
43.105,-89.806,-153.000
43.573,-89.833,-153.000
44.041,-89.861,-153.000
44.509,-89.888,-153.000
44.977,-89.916,-153.000
45.445,-89.943,-153.000
45.913,-89.971,-153.000
46.381,-89.999,-153.000
46.753,-90.234,-153.000
47.222,-90.234,-153.000
47.691,-90.234,-153.000
48.160,-90.234,-153.000
48.629,-90.234,-153.000
49.098,-90.234,-153.000
49.566,-90.234,-153.000
50.035,-90.234,-153.000
50.504,-90.234,-153.000
50.973,-90.234,-153.000
51.442,-90.234,-153.000
51.911,-90.234,-153.000
52.380,-90.234,-153.000
52.849,-90.234,-153.000
53.317,-90.234,-153.000
53.786,-90.234,-153.000
54.255,-90.234,-153.000
54.724,-90.234,-153.000
55.193,-90.234,-153.000
55.662,-90.234,-153.000
56.131,-90.234,-153.000
56.596,-90.206,-153.000
57.051,-90.093,-153.000
57.506,-89.979,-153.000
57.961,-89.865,-153.000
58.417,-89.760,-153.000
58.884,-89.713,-153.000
59.350,-89.667,-153.000
59.817,-89.620,-153.000
60.283,-89.573,-153.000
60.750,-89.527,-153.000
61.216,-89.480,-153.000
61.683,-89.433,-153.000
62.150,-89.387,-153.000
62.616,-89.340,-153.000
63.081,-89.286,-153.000
63.530,-89.150,-153.000
63.978,-89.013,-153.000
64.427,-88.877,-153.000
64.876,-88.740,-153.000
65.324,-88.604,-153.000
65.773,-88.467,-153.000
66.221,-88.331,-153.000
66.670,-88.194,-153.000
67.118,-88.058,-153.000
67.567,-87.921,-153.000
68.016,-87.785,-153.000
68.463,-87.645,-153.000
68.890,-87.451,-153.000
69.316,-87.257,-153.000
69.743,-87.063,-153.000
70.170,-86.869,-153.000
70.597,-86.675,-153.000
71.023,-86.479,-153.000
71.418,-86.226,-153.000
71.812,-85.972,-153.000
72.207,-85.719,-153.000
72.601,-85.465,-153.000
72.995,-85.212,-153.000
73.390,-84.958,-153.000
73.784,-84.705,-153.000
74.179,-84.451,-153.000
74.529,-84.143,-153.000
74.861,-83.811,-153.000
75.192,-83.480,-153.000
75.524,-83.148,-153.000
75.855,-82.817,-153.000
76.187,-82.485,-153.000
76.518,-82.154,-153.000
76.850,-81.822,-153.000
77.181,-81.491,-153.000
77.481,-81.132,-153.000
77.750,-80.748,-153.000
78.019,-80.364,-153.000
78.288,-79.980,-153.000
78.556,-79.596,-153.000
78.825,-79.212,-153.000
79.070,-78.813,-153.000
79.280,-78.394,-153.000
79.489,-77.974,-153.000
79.699,-77.555,-153.000
79.909,-77.135,-153.000
80.119,-76.716,-153.000
80.328,-76.297,-153.000
80.480,-75.855,-153.000
80.607,-75.404,-153.000
80.734,-74.952,-153.000
80.861,-74.501,-153.000
80.988,-74.049,-153.000
81.115,-73.598,-153.000
81.241,-73.147,-153.000
81.368,-72.695,-153.000
81.495,-72.244,-153.000
81.622,-71.793,-153.000
81.749,-71.341,-153.000
81.876,-70.890,-153.000
82.003,-70.438,-153.000
82.130,-69.987,-153.000
82.257,-69.536,-153.000
82.384,-69.084,-153.000
82.503,-68.632,-153.000
82.532,-68.164,-153.000
82.561,-67.696,-153.000
82.590,-67.228,-153.000
82.620,-66.760,-153.000
82.649,-66.292,-153.000
82.678,-65.824,-153.000
82.707,-65.356,-153.000
82.759,-64.898,-153.000
82.969,-64.516,-153.000
82.969,-64.047,-153.000
82.969,-63.578,-153.000
82.969,-63.109,-153.000
82.969,-62.640,-153.000
82.969,-62.172,-153.000
82.969,-61.703,-153.000
82.969,-61.234,-153.000
82.969,-60.765,-153.000
82.969,-60.296,-153.000
82.969,-59.827,-153.000
82.969,-59.358,-153.000
82.969,-58.889,-153.000
82.969,-58.421,-153.000
82.969,-57.952,-153.000
82.969,-57.483,-153.000
82.969,-57.014,-153.000
82.969,-56.545,-153.000
82.969,-56.076,-153.000
82.969,-55.607,-153.000
82.927,-55.144,-153.000
82.813,-54.689,-153.000
82.699,-54.234,-153.000
82.585,-53.779,-153.000
82.492,-53.321,-153.000
82.461,-52.853,-153.000
82.430,-52.385,-153.000
82.399,-51.917,-153.000
82.367,-51.449,-153.000
82.336,-50.982,-153.000
82.305,-50.514,-153.000
82.274,-50.046,-153.000
82.186,-49.587,-153.000
82.077,-49.131,-153.000
81.969,-48.674,-153.000
81.860,-48.218,-153.000
81.751,-47.762,-153.000
81.643,-47.306,-153.000
81.534,-46.850,-153.000
81.426,-46.394,-153.000
81.317,-45.938,-153.000
81.208,-45.481,-153.000
81.100,-45.025,-153.000
80.958,-44.579,-153.000
80.814,-44.132,-153.000
80.670,-43.686,-153.000
80.526,-43.240,-153.000
80.382,-42.794,-153.000
80.238,-42.347,-153.000
80.094,-41.901,-153.000
79.950,-41.455,-153.000
79.806,-41.009,-153.000
79.662,-40.562,-153.000
79.518,-40.116,-153.000
79.374,-39.670,-153.000
79.230,-39.224,-153.000
79.086,-38.777,-153.000
78.943,-38.331,-153.000
78.799,-37.885,-153.000
78.626,-37.450,-153.000
78.439,-37.020,-153.000
78.251,-36.590,-153.000
78.064,-36.160,-153.000
77.876,-35.730,-153.000
77.689,-35.301,-153.000
77.502,-34.871,-153.000
77.314,-34.441,-153.000
77.127,-34.011,-153.000
76.940,-33.581,-153.000
76.752,-33.151,-153.000
76.565,-32.722,-153.000
76.378,-32.292,-153.000
76.190,-31.862,-153.000
76.003,-31.432,-153.000
75.816,-31.002,-153.000
75.628,-30.573,-153.000
75.441,-30.143,-153.000
75.253,-29.713,-153.000
75.066,-29.283,-153.000
74.879,-28.853,-153.000
74.675,-28.432,-153.000
74.446,-28.023,-153.000
74.217,-27.613,-153.000
73.988,-27.204,-153.000
73.758,-26.795,-153.000
73.529,-26.386,-153.000
73.300,-25.977,-153.000
73.071,-25.568,-153.000
72.842,-25.159,-153.000
72.613,-24.750,-153.000
72.384,-24.341,-153.000
72.155,-23.932,-153.000
71.926,-23.522,-153.000
71.697,-23.113,-153.000
71.467,-22.704,-153.000
71.238,-22.295,-153.000
71.009,-21.886,-153.000
70.780,-21.477,-153.000
70.551,-21.068,-153.000
70.322,-20.659,-153.000
70.093,-20.250,-153.000
69.864,-19.840,-153.000
69.635,-19.431,-153.000
69.406,-19.022,-153.000
69.177,-18.613,-153.000
68.947,-18.204,-153.000
68.718,-17.795,-153.000
68.489,-17.386,-153.000
68.260,-16.977,-153.000
68.011,-16.580,-153.000
67.756,-16.187,-153.000
67.500,-15.793,-153.000
67.245,-15.400,-153.000
66.989,-15.007,-153.000
66.734,-14.614,-153.000
66.478,-14.221,-153.000
66.222,-13.828,-153.000
65.967,-13.435,-153.000
65.711,-13.042,-153.000
65.456,-12.648,-153.000
65.200,-12.255,-153.000
64.882,-11.913,-153.000
64.550,-11.582,-153.000
64.219,-11.719,-153.000
-84.375,-54.609,-153.000
-84.003,-54.375,-153.000
-83.533,-54.375,-153.000
-83.064,-54.375,-153.000
-82.599,-54.409,-153.000
-82.144,-54.523,-153.000
-81.688,-54.637,-153.000
-81.233,-54.750,-153.000
-80.788,-54.888,-153.000
-80.389,-55.135,-153.000
-79.990,-55.382,-153.000
-79.590,-55.629,-153.000
-79.191,-55.876,-153.000
-78.792,-56.123,-153.000
-78.393,-56.370,-153.000
-77.994,-56.617,-153.000
-77.595,-56.864,-153.000
-77.196,-57.111,-153.000
-76.797,-57.359,-153.000
-76.398,-57.606,-153.000
-75.999,-57.853,-153.000
-75.582,-58.068,-153.000
-75.162,-58.278,-153.000
-74.743,-58.488,-153.000
-74.323,-58.698,-153.000
-73.903,-58.908,-153.000
-73.483,-59.118,-153.000
-73.064,-59.328,-153.000
-72.643,-59.536,-153.000
-72.198,-59.684,-153.000
-71.752,-59.833,-153.000
-71.307,-59.981,-153.000
-70.862,-60.129,-153.000
-70.417,-60.278,-153.000
-69.971,-60.426,-153.000
-69.526,-60.575,-153.000
-69.081,-60.723,-153.000
-68.636,-60.871,-153.000
-68.190,-61.020,-153.000
-67.745,-61.168,-153.000
-67.300,-61.317,-153.000
-66.855,-61.465,-153.000
-66.409,-61.614,-153.000
-65.964,-61.762,-153.000
-65.514,-61.886,-153.000
-65.047,-61.933,-153.000
-64.580,-61.980,-153.000
-64.113,-62.026,-153.000
-63.646,-62.073,-153.000
-63.208,-62.182,-153.000
-62.806,-62.344,-153.000
-62.336,-62.344,-153.000
-61.867,-62.344,-153.000
-61.398,-62.344,-153.000
-60.931,-62.350,-153.000
-60.556,-62.578,-153.000
-60.087,-62.578,-153.000
-59.618,-62.578,-153.000
-59.148,-62.578,-153.000
-58.679,-62.578,-153.000
-58.209,-62.578,-153.000
-57.740,-62.578,-153.000
-57.271,-62.578,-153.000
-56.801,-62.578,-153.000
-56.332,-62.578,-153.000
-55.863,-62.578,-153.000
-55.393,-62.578,-153.000
-54.924,-62.578,-153.000
-54.500,-62.687,-153.000
-54.365,-63.105,-153.000
-54.349,-63.574,-153.000
-54.333,-64.043,-153.000
-54.316,-64.512,-153.000
-54.300,-64.981,-153.000
-54.284,-65.450,-153.000
-54.268,-65.919,-153.000
-54.252,-66.388,-153.000
-54.236,-66.857,-153.000
-54.219,-67.326,-153.000
-54.203,-67.795,-153.000
-54.187,-68.265,-153.000
-54.171,-68.734,-153.000
-54.155,-69.203,-153.000
-54.128,-69.671,-153.000
-54.036,-70.131,-153.000
-53.944,-70.591,-153.000
-53.852,-71.051,-153.000
-53.760,-71.511,-153.000
-53.664,-71.971,-153.000
-53.480,-72.402,-153.000
-53.295,-72.833,-153.000
-53.110,-73.265,-153.000
-52.969,-73.705,-153.000
-52.969,-74.174,-153.000
-52.969,-74.644,-153.000
-52.941,-75.110,-153.000
-52.827,-75.565,-153.000
-52.714,-76.020,-153.000
-52.600,-76.476,-153.000
-52.550,-76.905,-153.000
-52.952,-77.146,-153.000
-53.354,-77.388,-153.000
-53.769,-77.598,-153.000
-54.229,-77.690,-153.000
-54.690,-77.782,-153.000
-55.150,-77.874,-153.000
-55.610,-77.966,-153.000
-56.070,-78.058,-153.000
-56.531,-78.150,-153.000
-56.991,-78.242,-153.000
-57.451,-78.334,-153.000
-57.911,-78.426,-153.000
-58.372,-78.515,-153.000
-58.840,-78.479,-153.000
-59.308,-78.443,-153.000
-59.775,-78.407,-153.000
-60.243,-78.371,-153.000
-60.711,-78.335,-153.000
-61.179,-78.299,-153.000
-61.631,-78.191,-153.000
-62.067,-78.017,-153.000
-62.502,-77.843,-153.000
-62.938,-77.669,-153.000
-63.374,-77.494,-153.000
-63.795,-77.298,-153.000
-64.127,-76.966,-153.000
-64.459,-76.635,-153.000
-64.791,-76.303,-153.000
-65.123,-75.971,-153.000
-65.455,-75.639,-153.000
-65.787,-75.307,-153.000
-66.105,-74.967,-153.000
-66.253,-74.521,-153.000
-66.402,-74.076,-153.000
-66.550,-73.631,-153.000
-66.962,-73.434,-153.000
-67.398,-73.260,-153.000
-67.830,-73.173,-153.000
-68.255,-73.358,-153.000
-68.724,-73.341,-153.000
-69.193,-73.325,-153.000
-69.662,-73.309,-153.000
-70.131,-73.293,-153.000
-70.600,-73.277,-153.000
-71.069,-73.261,-153.000
-71.538,-73.244,-153.000
-72.008,-73.228,-153.000
-72.477,-73.212,-153.000
-72.946,-73.196,-153.000
-73.415,-73.180,-153.000
-73.884,-73.163,-153.000
-74.353,-73.147,-153.000
-74.822,-73.131,-153.000
-75.279,-73.041,-153.000
-75.728,-72.906,-153.000
-76.178,-72.772,-153.000
-76.627,-72.637,-153.000
-77.077,-72.502,-153.000
-77.506,-72.322,-153.000
-77.906,-72.076,-153.000
-78.306,-71.830,-153.000
-78.705,-71.584,-153.000
-79.105,-71.338,-153.000
-79.505,-71.092,-153.000
-79.905,-70.846,-153.000
-80.304,-70.600,-153.000
-80.643,-70.279,-153.000
-80.965,-69.937,-153.000
-81.286,-69.595,-153.000
-81.608,-69.254,-153.000
-81.930,-68.912,-153.000
-82.251,-68.570,-153.000
-82.573,-68.228,-153.000
-82.895,-67.886,-153.000
-83.216,-67.545,-153.000
-83.538,-67.203,-153.000
-83.860,-66.861,-153.000
-84.164,-66.508,-153.000
-84.349,-66.077,-153.000
-84.534,-65.645,-153.000
-84.719,-65.214,-153.000
-84.904,-64.782,-153.000
-85.088,-64.351,-153.000
-85.273,-63.920,-153.000
-85.458,-63.488,-153.000
-85.556,-63.037,-153.000
-85.573,-62.568,-153.000
-85.591,-62.099,-153.000
-85.608,-61.630,-153.000
-85.625,-61.161,-153.000
-85.643,-60.692,-153.000
-85.660,-60.223,-153.000
-85.678,-59.754,-153.000
-85.695,-59.285,-153.000
-85.712,-58.816,-153.000
-85.730,-58.347,-153.000
-85.747,-57.878,-153.000
-85.764,-57.409,-153.000
-85.772,-56.944,-153.000
-85.547,-56.568,-153.000
-85.547,-56.098,-153.000
-85.547,-55.629,-153.000
-85.273,-55.273,-153.000
-84.941,-54.941,-153.000
-84.609,-54.609,-153.000
